customer_id,first_name,last_name,email,birthdate,address,cc,cc_type
1001,Tobye,Levecque,tlevecque0@boston.com,8/7/1975,10 Parkside Drive,5.01013E+15,mastercard
1002,Chauncey,Foucar,cfoucar1@ucsd.edu,12/17/1987,029 Fisk Terrace,5.01013E+15,mastercard
1003,Klara,Rendall,krendall2@imdb.com,12/15/1970,40 Londonderry Street,5.00235E+15,mastercard
1004,Charisse,Peepall,cpeepall3@wufoo.com,6/16/1988,5155 Karstens Avenue,5.00766E+15,mastercard
1005,Kiley,Maunsell,kmaunsell4@arizona.edu,6/15/1981,3817 Butterfield Court,5.00767E+15,mastercard
1006,Koralle,Proske,kproske5@tmall.com,7/30/1966,6 Karstens Point,5.00767E+15,mastercard
1007,Todd,Wombwell,twombwell6@sfgate.com,3/25/1979,30270 Arrowood Way,3.72301E+14,americanexpress
1008,Hildagarde,Chitter,hchitter7@auda.org.au,5/25/1967,3522 Rockefeller Point,5.01013E+15,mastercard
1009,Gale,Alcott,galcott8@jalbum.net,11/14/1994,490 Rigney Plaza,3.72301E+14,americanexpress
1010,Cornell,Gilding,cgilding9@aol.com,1/28/1961,0 Sundown Plaza,5.01012E+15,mastercard
1011,Amelina,Dawidowicz,adawidowicza@xing.com,7/4/1981,473 Butternut Circle,5.00767E+15,mastercard
1012,Alick,Low,alowb@dailymotion.com,9/5/1978,395 Hollow Ridge Trail,5.00767E+15,mastercard
1013,Amalea,Morrant,amorrantc@symantec.com,2/7/1965,51 Elgar Street,3.72301E+14,americanexpress
1014,Celia,Matantsev,cmatantsevd@elegantthemes.com,3/12/1967,35 Pleasure Point,5.00767E+15,mastercard
1015,Morey,Demetr,mdemetre@state.tx.us,1/9/1957,83848 Helena Drive,5.00766E+15,mastercard
1016,Nettie,Hetterich,nhetterichf@oaic.gov.au,11/11/1964,6505 Gale Street,5.01013E+15,mastercard
1017,Gianni,Bellingham,gbellinghamg@baidu.com,9/2/1960,7 Barnett Lane,3.72302E+14,americanexpress
1018,Nedi,Keddy,nkeddyh@example.com,10/17/1984,66647 Carpenter Drive,5.00767E+15,mastercard
1019,Luce,Ancell,lancelli@jalbum.net,10/7/1972,6 Warbler Plaza,5.00235E+15,mastercard
1020,Hali,Hindmore,hhindmorej@buzzfeed.com,12/3/1986,4 Sunbrook Point,5.00236E+15,mastercard
1021,Karin,McGlade,kmcgladek@cyberchimps.com,4/27/1984,7 Aberg Terrace,5.00766E+15,mastercard
1022,Marianne,Willimot,mwillimotl@stumbleupon.com,9/30/1956,1 Mariners Cove Parkway,5.01012E+15,mastercard
1023,Nathalia,Ceschelli,nceschellim@ed.gov,3/26/1968,53 Bayside Center,5.00236E+15,mastercard
1024,Grata,Carley,gcarleyn@admin.ch,3/30/1971,34 Northwestern Center,3.72302E+14,americanexpress
1025,Aliza,Babber,ababbero@seesaa.net,8/27/1955,2 Arkansas Pass,5.01012E+15,mastercard
1026,North,Keyhoe,nkeyhoep@bluehost.com,10/25/1979,8738 Burning Wood Center,5.00766E+15,mastercard
1027,Sophi,Gainforth,sgainforthq@w3.org,10/5/1978,52651 Dayton Center,5.00236E+15,mastercard
1028,Tierney,Gooding,tgoodingr@amazon.co.jp,10/28/1953,7387 Veith Circle,5.01012E+15,mastercard
1029,Wenda,Starzaker,wstarzakers@nationalgeographic.com,11/15/1974,39004 Clyde Gallagher Way,5.00766E+15,mastercard
1030,Betsy,Cosley,bcosleyt@homestead.com,12/13/2000,8560 Brown Street,5.00236E+15,mastercard
1031,Kerri,Nurden,knurdenu@google.fr,1/26/1958,7 Lighthouse Bay Court,5.00767E+15,mastercard
1032,Gordan,Keatley,gkeatleyv@cafepress.com,3/16/2000,1980 Harbort Junction,3.72301E+14,americanexpress
1033,Goddard,Whitington,gwhitingtonw@census.gov,11/29/1992,14146 Raven Plaza,5.01012E+15,mastercard
1034,Christyna,Stelljes,cstelljesx@nsw.gov.au,10/4/1957,7 Sugar Court,5.01013E+15,mastercard
1035,Shanta,Messham,smesshamy@bbb.org,8/24/1980,8 Valley Edge Court,3.72301E+14,americanexpress
1036,Jonie,Cobden,jcobdenz@goo.ne.jp,7/28/1988,11698 Lillian Point,5.00767E+15,mastercard
1037,Emeline,Hitschke,ehitschke10@reuters.com,2/21/1960,0946 Moulton Park,5.00766E+15,mastercard
1038,Valida,Howel,vhowel11@vimeo.com,4/24/1994,4195 International Way,3.72301E+14,americanexpress
1039,Laughton,Ahearne,lahearne12@samsung.com,9/21/1957,56 Eastlawn Hill,5.01013E+15,mastercard
1040,Gaspard,Keoghan,gkeoghan13@cdbaby.com,10/24/1967,9164 Corscot Pass,5.01012E+15,mastercard
1041,Saba,Nary,snary14@ovh.net,12/28/1955,486 Acker Avenue,5.00767E+15,mastercard
1042,Kalie,Gavriel,kgavriel15@eepurl.com,9/3/1951,389 Washington Way,3.72301E+14,americanexpress
1043,Jimmie,Mapstone,jmapstone16@blogtalkradio.com,7/2/1953,808 Lotheville Center,5.00766E+15,mastercard
1044,Godart,Scyner,gscyner17@cloudflare.com,8/20/1974,21237 Texas Lane,5.00235E+15,mastercard
1045,Korella,Railton,krailton18@amazon.de,5/12/1998,8920 Brickson Park Center,3.72302E+14,americanexpress
1046,Ettie,Backe,ebacke19@whitehouse.gov,5/28/1980,1639 Shopko Circle,5.00767E+15,mastercard
1047,Johnnie,Brandi,jbrandi1a@theglobeandmail.com,12/14/1984,73215 Rutledge Street,5.01013E+15,mastercard
1048,Germana,Charnley,gcharnley1b@lycos.com,10/2/1974,70 1st Center,3.72302E+14,americanexpress
1049,Otho,Swyer,oswyer1c@nbcnews.com,10/24/2001,04 Thompson Street,5.00236E+15,mastercard
1050,Nat,Elcy,nelcy1d@chronoengine.com,10/17/1956,888 Melvin Lane,5.00766E+15,mastercard
1051,Ervin,Doubrava,edoubrava1e@odnoklassniki.ru,9/13/1998,3 Farwell Center,3.72301E+14,americanexpress
1052,Kelley,Blowes,kblowes1f@slate.com,1/9/1958,22373 Park Meadow Circle,3.72302E+14,americanexpress
1053,Dorey,Jonin,djonin1g@flickr.com,8/24/1965,47929 Canary Circle,5.00236E+15,mastercard
1054,Carlin,Hatfield,chatfield1h@youku.com,2/23/1963,24705 Lyons Parkway,5.00235E+15,mastercard
1055,Brod,Haswall,bhaswall1i@trellian.com,9/23/1967,4 Miller Parkway,5.00766E+15,mastercard
1056,Georgy,Vaughten,gvaughten1j@yellowpages.com,6/16/1952,53619 Buena Vista Place,5.00766E+15,mastercard
1057,Seth,Rawsthorn,srawsthorn1k@cyberchimps.com,5/19/1951,25858 Springs Junction,5.01013E+15,mastercard
1058,Johna,Shellsheere,jshellsheere1l@toplist.cz,6/21/2000,69 Almo Alley,5.01013E+15,mastercard
1059,Adan,Caughey,acaughey1m@nhs.uk,3/26/1998,536 Heath Center,5.01012E+15,mastercard
1060,Dalton,Assinder,dassinder1n@themeforest.net,3/3/1973,178 Nevada Point,5.00767E+15,mastercard
1061,Wang,Rought,wrought1o@microsoft.com,6/9/1972,83637 Butternut Road,3.72302E+14,americanexpress
1062,Cort,Torn,ctorn1p@sun.com,1/24/1992,472 Longview Street,5.00236E+15,mastercard
1063,Rutledge,Ackerman,rackerman1q@macromedia.com,10/2/1979,739 Kinsman Place,5.00766E+15,mastercard
1064,Dion,Filipchikov,dfilipchikov1r@squarespace.com,6/24/1980,11930 Muir Crossing,3.72301E+14,americanexpress
1065,Odelinda,Lomb,olomb1s@gravatar.com,5/28/1955,44 Petterle Court,5.00767E+15,mastercard
1066,Irena,Trowill,itrowill1t@ihg.com,12/8/1985,78126 Killdeer Park,5.01013E+15,mastercard
1067,Rosalinda,Dmych,rdmych1u@sitemeter.com,4/2/1986,60013 Luster Circle,5.00236E+15,mastercard
1068,Omar,Poytres,opoytres1v@friendfeed.com,1/1/1961,0238 Rowland Avenue,5.00766E+15,mastercard
1069,Davy,Hullett,dhullett1w@alexa.com,6/1/1970,3 Oak Court,5.01012E+15,mastercard
1070,Meredith,Gulliford,mgulliford1x@google.com.br,3/8/1979,195 Boyd Court,5.01012E+15,mastercard
1071,Britni,Kendell,bkendell1y@ameblo.jp,3/11/2002,6 Kenwood Parkway,5.00767E+15,mastercard
1072,Holt,McCallam,hmccallam1z@homestead.com,5/11/1997,29252 Roth Park,5.00766E+15,mastercard
1073,Maxy,Boxen,mboxen20@cdc.gov,8/8/2001,8 Saint Paul Parkway,5.00767E+15,mastercard
1074,Bell,Comrie,bcomrie21@mit.edu,7/7/1951,7 Leroy Place,5.01013E+15,mastercard
1075,Dorena,Jammes,djammes22@eventbrite.com,9/4/1952,80 Tennyson Parkway,5.00236E+15,mastercard
1076,Davin,Nann,dnann23@chronoengine.com,4/24/1961,237 Northwestern Park,5.01013E+15,mastercard
1077,Lebbie,Bennen,lbennen24@intel.com,1/10/1985,4786 Dixon Court,5.01013E+15,mastercard
1078,Pete,Jirusek,pjirusek25@google.com.br,7/17/1984,66 Gulseth Street,5.01013E+15,mastercard
1079,Holly-anne,Whyman,hwhyman26@tmall.com,10/28/1954,8810 Dapin Trail,5.00235E+15,mastercard
1080,Gizela,Girdlestone,ggirdlestone27@go.com,7/28/2000,5 Fallview Plaza,5.00236E+15,mastercard
1081,Bale,Dudney,bdudney28@cpanel.net,8/5/1981,62 Florence Road,5.01013E+15,mastercard
1082,Nessi,Blacklidge,nblacklidge29@loc.gov,3/18/1982,3 Fordem Way,5.01013E+15,mastercard
1083,Ogdan,Beadel,obeadel2a@yale.edu,11/1/1980,6 2nd Lane,3.72302E+14,americanexpress
1084,Alice,Girardy,agirardy2b@fastcompany.com,9/15/1973,71444 Arapahoe Hill,5.01013E+15,mastercard
1085,Buddy,Orrock,borrock2c@sina.com.cn,11/12/2002,68519 Raven Parkway,5.01012E+15,mastercard
1086,Patsy,Ridgers,pridgers2d@irs.gov,4/18/1976,0902 Meadow Valley Crossing,5.00235E+15,mastercard
1087,Leoine,Taggett,ltaggett2e@ehow.com,11/1/1959,2 Canary Crossing,5.00235E+15,mastercard
1088,Theodoric,Basill,tbasill2f@msu.edu,3/27/1964,56 Service Parkway,5.00767E+15,mastercard
1089,Oates,Greneham,ogreneham2g@pen.io,3/12/1980,82 Cambridge Park,5.00235E+15,mastercard
1090,Joachim,Poppleston,jpoppleston2h@hc360.com,12/5/1995,0444 Logan Lane,5.01013E+15,mastercard
1091,Myrah,O'Keaveny,mokeaveny2i@comsenz.com,9/30/1956,163 Loomis Pass,5.01012E+15,mastercard
1092,Leonidas,Simkovitz,lsimkovitz2j@uol.com.br,5/9/1975,5100 Victoria Drive,5.00235E+15,mastercard
1093,Sandy,Bauckham,sbauckham2k@etsy.com,12/25/1964,8448 Lien Lane,5.00235E+15,mastercard
1094,Elmer,Gouthier,egouthier2l@webs.com,3/18/1956,090 Hoard Place,3.72302E+14,americanexpress
1095,Agustin,Garvan,agarvan2m@sun.com,6/10/1978,77963 Stephen Avenue,5.00766E+15,mastercard
1096,Vernon,Dmitrievski,vdmitrievski2n@bigcartel.com,11/16/1957,60 Melvin Plaza,5.00235E+15,mastercard
1097,Clareta,Kelberman,ckelberman2o@nifty.com,9/4/1979,9314 Crescent Oaks Terrace,5.00766E+15,mastercard
1098,Esra,Spohrmann,espohrmann2p@youku.com,7/28/1972,331 Kim Place,5.01013E+15,mastercard
1099,Ilyse,Joselson,ijoselson2q@360.cn,8/11/1971,5 Fairview Park,5.01012E+15,mastercard
1100,Anastassia,Laval,alaval2r@redcross.org,2/16/1978,410 Eliot Trail,5.00767E+15,mastercard
1101,Town,Brabin,tbrabin2s@nsw.gov.au,11/22/1977,84 Monument Court,3.72301E+14,americanexpress
1102,Marina,Ransfield,mransfield2t@google.com.au,4/28/1959,538 Butternut Trail,5.00766E+15,mastercard
1103,Trixi,Windless,twindless2u@marketwatch.com,11/17/1959,66674 Ruskin Road,3.72302E+14,americanexpress
1104,Christophe,Twatt,ctwatt2v@weather.com,2/23/1996,4234 Blaine Pass,5.01013E+15,mastercard
1105,Blair,Spilsburie,bspilsburie2w@java.com,12/13/1954,19447 Crescent Oaks Street,5.01013E+15,mastercard
1106,Lonnie,Jesty,ljesty2x@so-net.ne.jp,4/8/1971,19555 Moose Center,5.00767E+15,mastercard
1107,Clive,Gasking,cgasking2y@bloglines.com,6/22/1961,76654 Longview Way,5.00236E+15,mastercard
1108,Angelia,De Cristoforo,adecristoforo2z@sina.com.cn,1/9/1996,1448 Lighthouse Bay Trail,5.00236E+15,mastercard
1109,Doreen,Anglish,danglish30@pcworld.com,1/3/1979,21040 Havey Center,5.01012E+15,mastercard
1110,Mathew,Younie,myounie31@cbslocal.com,9/17/1964,14097 Brown Junction,5.00235E+15,mastercard
1111,Marcile,Osman,mosman32@joomla.org,12/30/2002,3771 Lakewood Hill,3.72302E+14,americanexpress
1112,Eirena,Wylie,ewylie33@jigsy.com,1/22/1973,42522 Daystar Street,5.01013E+15,mastercard
1113,Noelyn,Sanpere,nsanpere34@friendfeed.com,3/24/1961,7 Oak Valley Street,3.72301E+14,americanexpress
1114,Della,Tytherton,dtytherton35@engadget.com,8/24/1985,2 Harbort Circle,3.72301E+14,americanexpress
1115,Alvera,Edgett,aedgett36@domainmarket.com,11/2/1950,642 Waywood Center,5.00236E+15,mastercard
1116,Dee dee,Eck,deck37@mtv.com,4/1/1960,67282 Anzinger Lane,5.01012E+15,mastercard
1117,Kaine,Gillaspy,kgillaspy38@gov.uk,4/9/1967,3 Harbort Street,3.72301E+14,americanexpress
1118,Dorothy,MacDunleavy,dmacdunleavy39@nsw.gov.au,8/27/1986,3453 Farwell Alley,5.01013E+15,mastercard
1119,Jamie,Patemore,jpatemore3a@columbia.edu,8/17/1958,346 East Street,3.72301E+14,americanexpress
1120,Frans,Gouth,fgouth3b@desdev.cn,12/22/1973,166 Westport Hill,5.01013E+15,mastercard
1121,Lynea,Gallaher,lgallaher3c@diigo.com,12/19/1961,0028 Division Lane,3.72301E+14,americanexpress
1122,Brett,White,bwhite3d@imageshack.us,1/27/1978,3 Pierstorff Terrace,5.00766E+15,mastercard
1123,Jackie,O'Carroll,jocarroll3e@spiegel.de,12/21/1964,84800 Schurz Circle,5.00235E+15,mastercard
1124,Harriot,Radage,hradage3f@nsw.gov.au,11/30/1999,00 Tennyson Pass,5.00767E+15,mastercard
1125,Viva,Dumblton,vdumblton3g@icq.com,12/10/1950,258 Oxford Alley,5.00766E+15,mastercard
1126,Blondell,Minshaw,bminshaw3h@nhs.uk,4/24/1993,38538 Arapahoe Terrace,5.01012E+15,mastercard
1127,Wanids,Boick,wboick3i@utexas.edu,10/29/1992,22329 7th Street,5.00766E+15,mastercard
1128,Delilah,Percifer,dpercifer3j@tumblr.com,8/12/1981,283 Glacier Hill Street,3.72302E+14,americanexpress
1129,Garnette,Hudghton,ghudghton3k@clickbank.net,6/25/1974,9347 Aberg Place,5.01013E+15,mastercard
1130,Kelcy,Stansfield,kstansfield3l@craigslist.org,2/3/1960,04 Blue Bill Park Street,5.00236E+15,mastercard
1131,Tymon,O' Connell,toconnell3m@yellowpages.com,4/14/1959,2 Golf Alley,5.01013E+15,mastercard
1132,Kissee,Millar,kmillar3n@skype.com,11/12/1979,5964 Moulton Lane,5.01012E+15,mastercard
1133,Dulcia,Lettington,dlettington3o@sakura.ne.jp,4/17/1980,86093 Northview Point,5.00236E+15,mastercard
1134,Sharl,Comello,scomello3p@youku.com,8/6/1977,47 Lukken Center,3.72301E+14,americanexpress
1135,Shirley,Dedam,sdedam3q@timesonline.co.uk,4/17/1990,11780 Crownhardt Alley,5.00235E+15,mastercard
1136,Juliane,Pollicott,jpollicott3r@go.com,11/9/1980,4209 Rusk Crossing,3.72302E+14,americanexpress
1137,Regina,Jaffray,rjaffray3s@pinterest.com,1/12/1987,4 Esker Circle,3.72302E+14,americanexpress
1138,Cal,Bagby,cbagby3t@creativecommons.org,2/14/2003,4 Dottie Road,5.00766E+15,mastercard
1139,Niccolo,Allery,nallery3u@businessinsider.com,2/6/1969,89 Bluejay Point,5.00767E+15,mastercard
1140,Loise,Donohoe,ldonohoe3v@cbsnews.com,1/27/1974,8 Everett Way,5.00236E+15,mastercard
1141,Rodney,Matiashvili,rmatiashvili3w@oaic.gov.au,7/31/1971,97292 Transport Circle,5.00767E+15,mastercard
1142,Susie,Tinsley,stinsley3x@example.com,7/25/1953,016 Waywood Road,5.01013E+15,mastercard
1143,Alwyn,Maryman,amaryman3y@instagram.com,8/19/1980,91386 Portage Circle,5.01013E+15,mastercard
1144,Ema,Gylle,egylle3z@devhub.com,1/21/1961,83129 Loftsgordon Place,5.01012E+15,mastercard
1145,Norma,Spurge,nspurge40@cam.ac.uk,10/27/1991,3 Center Center,5.00766E+15,mastercard
1146,Sibyl,Reedman,sreedman41@biblegateway.com,9/5/1985,11 Luster Place,3.72302E+14,americanexpress
1147,Maryanna,Crowne,mcrowne42@unicef.org,4/29/2003,999 Canary Trail,5.01013E+15,mastercard
1148,Ketti,MacKenzie,kmackenzie43@com.com,4/17/1957,98 Merrick Place,5.01012E+15,mastercard
1149,Ailene,Ralfe,aralfe44@multiply.com,9/3/1998,918 Del Sol Point,3.72301E+14,americanexpress
1150,Ermanno,Muttitt,emuttitt45@arizona.edu,4/20/1973,886 Novick Alley,5.01012E+15,mastercard
1151,Cletis,Hubber,chubber46@slideshare.net,9/13/1979,9 Bartelt Center,5.01013E+15,mastercard
1152,Corissa,Stops,cstops47@dedecms.com,4/28/1976,5 Scott Avenue,5.00236E+15,mastercard
1153,Kass,Ainley,kainley48@bloglovin.com,9/29/1975,8 Nevada Circle,5.00767E+15,mastercard
1154,Ferne,Douche,fdouche49@vkontakte.ru,7/5/1969,1842 Dorton Drive,5.01013E+15,mastercard
1155,Saunders,Dee,sdee4a@ebay.co.uk,2/21/1951,2 Surrey Junction,5.00235E+15,mastercard
1156,Theodoric,Major,tmajor4b@plala.or.jp,9/8/1972,7048 Brentwood Lane,3.72302E+14,americanexpress
1157,Arda,Butter,abutter4c@csmonitor.com,6/28/1983,84 Ronald Regan Street,3.72302E+14,americanexpress
1158,Tremaine,Flory,tflory4d@cnbc.com,4/4/2003,6 Myrtle Street,5.00767E+15,mastercard
1159,Jaine,Kohring,jkohring4e@icio.us,11/9/1971,233 Kingsford Lane,5.01013E+15,mastercard
1160,Gilberte,Restall,grestall4f@usnews.com,3/10/1974,3 South Hill,5.00767E+15,mastercard
1161,Tillie,Cronchey,tcronchey4g@uol.com.br,12/20/1990,5 Orin Drive,5.00766E+15,mastercard
1162,Bibby,Buckett,bbuckett4h@mediafire.com,5/18/1993,29630 Claremont Avenue,3.72302E+14,americanexpress
1163,Kylen,Queyeiro,kqueyeiro4i@xinhuanet.com,7/28/1983,39 Pawling Drive,5.00766E+15,mastercard
1164,Horace,Grigorini,hgrigorini4j@epa.gov,9/7/1992,9 Merchant Drive,5.00236E+15,mastercard
1165,Garreth,Jenton,gjenton4k@reddit.com,2/2/1980,88203 Spaight Crossing,5.00767E+15,mastercard
1166,Kathleen,Serrurier,kserrurier4l@msn.com,7/12/1952,5 Washington Crossing,5.00766E+15,mastercard
1167,Melanie,Arrowsmith,marrowsmith4m@acquirethisname.com,12/9/1965,51 Miller Avenue,5.01013E+15,mastercard
1168,Veronica,Kerans,vkerans4n@hp.com,9/27/1978,02 Grasskamp Place,5.00235E+15,mastercard
1169,Katherina,Ronci,kronci4o@shinystat.com,8/11/2003,8 Annamark Alley,5.01012E+15,mastercard
1170,Giordano,Ricciardiello,gricciardiello4p@cdc.gov,1/27/1955,2 Kinsman Center,3.72301E+14,americanexpress
1171,Carolann,Pedreschi,cpedreschi4q@netscape.com,10/29/2000,308 Leroy Lane,5.00766E+15,mastercard
1172,Delilah,Roma,droma4r@php.net,4/17/1985,46059 Leroy Place,5.01012E+15,mastercard
1173,Beverlee,Maith,bmaith4s@ning.com,2/13/1950,9 Hauk Way,5.00235E+15,mastercard
1174,Cinda,Bayles,cbayles4t@homestead.com,7/8/1971,4146 Mariners Cove Point,5.01012E+15,mastercard
1175,Ruperta,Jammet,rjammet4u@tuttocitta.it,2/11/1952,82335 Riverside Road,5.01012E+15,mastercard
1176,Jessy,Bunclark,jbunclark4v@simplemachines.org,8/16/1999,2937 Fieldstone Court,5.00766E+15,mastercard
1177,Merline,Murcutt,mmurcutt4w@omniture.com,9/21/1959,26 Northridge Crossing,5.00235E+15,mastercard
1178,Corney,Elman,celman4x@meetup.com,1/17/1999,1190 Prairieview Point,5.00766E+15,mastercard
1179,Orlando,McKilroe,omckilroe4y@google.it,5/31/1955,3001 Northport Court,3.72301E+14,americanexpress
1180,Tobie,Andrich,tandrich4z@i2i.jp,1/22/1976,124 Algoma Hill,5.00236E+15,mastercard
1181,Rayshell,Renshall,rrenshall50@imgur.com,11/8/2002,14533 Del Mar Junction,5.01012E+15,mastercard
1182,Garrik,Sinclaire,gsinclaire51@pen.io,3/4/1955,95869 Farragut Junction,5.01012E+15,mastercard
1183,Stanley,Braywood,sbraywood52@networkadvertising.org,3/7/1955,027 Loomis Plaza,5.00235E+15,mastercard
1184,Arleen,Limprecht,alimprecht53@weebly.com,4/11/1954,44756 Lake View Trail,5.01013E+15,mastercard
1185,Hollis,Tann,htann54@pcworld.com,7/25/2003,83 Oxford Terrace,5.01013E+15,mastercard
1186,Christopher,Symmons,csymmons55@auda.org.au,3/6/1950,52470 Johnson Place,5.00236E+15,mastercard
1187,Brandie,Willavoys,bwillavoys56@ftc.gov,6/6/1961,35 Grover Lane,5.00236E+15,mastercard
1188,Franklyn,Merrilees,fmerrilees57@parallels.com,4/26/1974,92614 Crest Line Alley,5.00767E+15,mastercard
1189,Buiron,Alaway,balaway58@cam.ac.uk,3/26/1978,717 Sunfield Lane,5.00767E+15,mastercard
1190,Bing,Posselow,bposselow59@imdb.com,4/25/1958,53 Petterle Alley,5.01012E+15,mastercard
1191,Loraine,Haynes,lhaynes5a@usatoday.com,1/31/1993,7586 School Plaza,5.01013E+15,mastercard
1192,Catherina,Danielsen,cdanielsen5b@wikimedia.org,8/6/1974,410 Maple Crossing,5.00766E+15,mastercard
1193,Afton,MacNulty,amacnulty5c@bbb.org,4/30/1998,07 Acker Court,3.72302E+14,americanexpress
1194,Elton,Colson,ecolson5d@biblegateway.com,7/28/1991,32 Hayes Street,5.00767E+15,mastercard
1195,Ira,Branca,ibranca5e@google.de,1/24/2003,1 Shoshone Park,5.00766E+15,mastercard
1196,Hedy,Beake,hbeake5f@deliciousdays.com,3/2/1997,550 Anthes Point,5.01012E+15,mastercard
1197,Collie,Eteen,ceteen5g@google.ru,1/16/1957,2411 Namekagon Plaza,3.72301E+14,americanexpress
1198,Theodoric,Challener,tchallener5h@scientificamerican.com,10/21/1952,36302 Union Street,5.01013E+15,mastercard
1199,Ladonna,Tolman,ltolman5i@mapy.cz,2/3/1989,23333 Caliangt Place,5.01013E+15,mastercard
1200,Lothaire,Threader,lthreader5j@loc.gov,10/27/1955,482 Clyde Gallagher Terrace,5.00235E+15,mastercard
1201,Benedict,Peasnone,bpeasnone5k@ocn.ne.jp,12/22/1978,0 Mandrake Trail,5.00767E+15,mastercard
1202,Jennica,Fleet,jfleet5l@surveymonkey.com,6/4/1997,02450 Comanche Center,5.00767E+15,mastercard
1203,Wylie,Pavinese,wpavinese5m@newyorker.com,3/6/1975,0 Schlimgen Trail,3.72301E+14,americanexpress
1204,Florance,Tyndall,ftyndall5n@cpanel.net,8/23/1957,80118 Beilfuss Crossing,5.00236E+15,mastercard
1205,Merola,Dowley,mdowley5o@fc2.com,5/26/1988,60470 Continental Place,3.72302E+14,americanexpress
1206,Frannie,Roulston,froulston5p@uol.com.br,4/16/1972,1 Dapin Pass,5.00767E+15,mastercard
1207,Roby,Farmar,rfarmar5q@umn.edu,2/24/2003,587 Hermina Way,3.72302E+14,americanexpress
1208,Teresina,Carmody,tcarmody5r@si.edu,1/13/1981,4 Porter Center,3.72301E+14,americanexpress
1209,Elnora,Watkiss,ewatkiss5s@dyndns.org,2/2/1989,2314 Arkansas Street,5.01013E+15,mastercard
1210,Sheila,McGuirk,smcguirk5t@blogger.com,7/10/1996,20469 Del Sol Drive,5.01012E+15,mastercard
1211,Morten,Coldwell,mcoldwell5u@dedecms.com,7/29/1998,58141 Coleman Hill,3.72302E+14,americanexpress
1212,Jean,Shooter,jshooter5v@opensource.org,6/15/1968,12 Sugar Junction,5.00235E+15,mastercard
1213,Di,McCarron,dmccarron5w@bizjournals.com,5/24/1993,93 Columbus Place,5.00766E+15,mastercard
1214,Lizabeth,Selborne,lselborne5x@facebook.com,9/17/1998,022 Loeprich Road,5.00766E+15,mastercard
1215,Emmeline,Maccraw,emaccraw5y@admin.ch,11/22/1960,101 Daystar Lane,5.01013E+15,mastercard
1216,Gerhardt,Batten,gbatten5z@shinystat.com,10/2/1994,8903 Fairview Crossing,5.00236E+15,mastercard
1217,Filberte,Reina,freina60@tumblr.com,12/8/1981,4138 Melvin Pass,5.01012E+15,mastercard
1218,Jedediah,Virgo,jvirgo61@ocn.ne.jp,4/20/1985,05 Crowley Park,3.72301E+14,americanexpress
1219,Cookie,Palfreyman,cpalfreyman62@nationalgeographic.com,6/17/1958,35 Summit Terrace,3.72301E+14,americanexpress
1220,Beverie,Georgeau,bgeorgeau63@dailymotion.com,3/19/1978,24069 Jenifer Parkway,5.00235E+15,mastercard
1221,Lexis,Pocklington,lpocklington64@dailymotion.com,6/27/1997,2396 Tennessee Place,5.00767E+15,mastercard
1222,Stearn,Klaffs,sklaffs65@apache.org,1/18/2002,3 Ronald Regan Terrace,5.00766E+15,mastercard
1223,Reginald,Stobbes,rstobbes66@wikimedia.org,10/26/1996,1979 Westend Drive,5.00766E+15,mastercard
1224,Benjamin,Zamboniari,bzamboniari67@aol.com,5/24/1994,71386 Calypso Center,5.00235E+15,mastercard
1225,Brear,Etches,betches68@nifty.com,6/15/1994,212 Union Trail,5.00235E+15,mastercard
1226,Milka,Ghilardini,mghilardini69@uiuc.edu,11/21/1950,2908 Lien Hill,5.00767E+15,mastercard
1227,Maire,Spenclay,mspenclay6a@wikia.com,12/11/1994,8645 Shelley Hill,5.00236E+15,mastercard
1228,Cletus,Grealey,cgrealey6b@comsenz.com,8/30/1982,8923 Fallview Terrace,5.01012E+15,mastercard
1229,Nikos,Abelwhite,nabelwhite6c@ameblo.jp,12/16/1955,5084 Ruskin Plaza,5.01012E+15,mastercard
1230,Wendy,Hyndman,whyndman6d@paginegialle.it,7/4/1994,90021 Saint Paul Point,5.01013E+15,mastercard
1231,Vale,Lomen,vlomen6e@mozilla.org,5/1/1985,30 Basil Circle,5.01012E+15,mastercard
1232,Jose,Marriner,jmarriner6f@prlog.org,8/23/1960,7985 Farmco Center,5.00235E+15,mastercard
1233,Corabel,Syred,csyred6g@berkeley.edu,8/12/1950,51 Jay Place,5.00235E+15,mastercard
1234,Ivar,Apthorpe,iapthorpe6h@epa.gov,3/24/1969,226 Acker Junction,3.72302E+14,americanexpress
1235,Forrester,Jiri,fjiri6i@hatena.ne.jp,1/12/1980,47900 Cardinal Parkway,5.00767E+15,mastercard
1236,Gerianna,Osinin,gosinin6j@tinyurl.com,1/2/1968,837 7th Place,3.72301E+14,americanexpress
1237,Maria,Rappaport,mrappaport6k@google.com.au,3/22/2001,03 Hallows Parkway,3.72301E+14,americanexpress
1238,Emlyn,Francioli,efrancioli6l@dyndns.org,1/3/1989,6040 Russell Drive,5.01013E+15,mastercard
1239,Walther,O'Moylane,womoylane6m@nationalgeographic.com,2/14/1958,302 Mockingbird Hill,5.01013E+15,mastercard
1240,Cross,Shallcross,cshallcross6n@taobao.com,4/8/1956,73984 Drewry Drive,5.01012E+15,mastercard
1241,Angelita,Yakovlev,ayakovlev6o@rambler.ru,10/6/1954,2265 Homewood Road,5.00767E+15,mastercard
1242,Susi,Prazor,sprazor6p@huffingtonpost.com,1/11/1971,1 Nova Hill,5.00235E+15,mastercard
1243,Stanwood,Fishly,sfishly6q@rambler.ru,9/20/1964,9580 Valley Edge Circle,5.00766E+15,mastercard
1244,Alaric,Kahen,akahen6r@npr.org,10/9/1985,8 Welch Place,5.01013E+15,mastercard
1245,Jacquenetta,Alenov,jalenov6s@mozilla.com,12/12/1962,8025 Carpenter Pass,5.00767E+15,mastercard
1246,Isidro,Charter,icharter6t@cafepress.com,2/28/1979,329 Fuller Road,5.00767E+15,mastercard
1247,Jayson,Brizell,jbrizell6u@oaic.gov.au,4/21/1962,79 4th Lane,5.00766E+15,mastercard
1248,Artemas,Frontczak,afrontczak6v@economist.com,6/8/1996,282 Milwaukee Street,3.72301E+14,americanexpress
1249,Cacilia,Layhe,clayhe6w@yelp.com,8/9/1973,70 Eastlawn Drive,5.00767E+15,mastercard
1250,Bern,Jouanot,bjouanot6x@imdb.com,7/28/1951,0260 Gerald Place,3.72301E+14,americanexpress
1251,Peri,Sayes,psayes6y@blogtalkradio.com,6/8/1964,5 Anniversary Circle,5.00766E+15,mastercard
1252,Paolo,Hollow,phollow6z@ovh.net,12/24/1958,196 Columbus Court,5.00767E+15,mastercard
1253,Carrissa,McGarel,cmcgarel70@eventbrite.com,1/29/1986,3 Milwaukee Junction,5.00767E+15,mastercard
1254,Everard,Shevlan,eshevlan71@prnewswire.com,3/3/1991,1620 Anderson Center,5.00767E+15,mastercard
1255,Patti,Shawe,pshawe72@github.io,6/11/1991,2732 Forest Dale Point,5.00236E+15,mastercard
1256,Salomon,Foord,sfoord73@irs.gov,6/1/1982,74692 Lakewood Gardens Pass,3.72301E+14,americanexpress
1257,Laney,Makeswell,lmakeswell74@nba.com,3/6/1957,2 Forest Dale Center,3.72301E+14,americanexpress
1258,Parker,Cutcliffe,pcutcliffe75@odnoklassniki.ru,12/8/1955,1641 Ruskin Avenue,5.00766E+15,mastercard
1259,Sorcha,Zupa,szupa76@istockphoto.com,7/3/1971,4910 Cottonwood Way,5.01013E+15,mastercard
1260,Arlyn,Dannatt,adannatt77@eventbrite.com,5/7/1956,7596 Roth Plaza,5.01013E+15,mastercard
1261,Margarete,Haddacks,mhaddacks78@imgur.com,5/2/1988,8 Manitowish Hill,5.00766E+15,mastercard
1262,Tybi,MacGinney,tmacginney79@economist.com,10/15/1991,420 Petterle Court,5.00766E+15,mastercard
1263,Des,Sherston,dsherston7a@salon.com,9/19/1967,1322 Badeau Junction,5.00235E+15,mastercard
1264,Ethelred,Sikora,esikora7b@1und1.de,2/16/1959,1 Grasskamp Point,3.72301E+14,americanexpress
1265,Rachael,Kayzer,rkayzer7c@photobucket.com,3/13/1950,6753 Cherokee Street,5.00766E+15,mastercard
1266,Anatole,Giovanardi,agiovanardi7d@aboutads.info,1/30/1962,0 Tennyson Street,5.00235E+15,mastercard
1267,Seline,Lavery,slavery7e@sun.com,9/4/1990,9 Heath Circle,5.01012E+15,mastercard
1268,Giordano,Morrissey,gmorrissey7f@wikimedia.org,2/10/1967,4 Morrow Drive,3.72301E+14,americanexpress
1269,Klara,Grono,kgrono7g@histats.com,1/29/1976,5901 Surrey Crossing,5.01013E+15,mastercard
1270,Hastie,Gernier,hgernier7h@phoca.cz,10/10/1982,69644 Kedzie Trail,5.00767E+15,mastercard
1271,Terrell,Eldridge,teldridge7i@admin.ch,5/6/1962,88 Rusk Lane,5.00235E+15,mastercard
1272,Xenos,Worshall,xworshall7j@spotify.com,3/16/1984,02 Toban Junction,3.72302E+14,americanexpress
1273,Cloris,Croad,ccroad7k@wikia.com,11/14/1989,09143 Riverside Park,3.72301E+14,americanexpress
1274,Kali,Gaynsford,kgaynsford7l@spotify.com,8/9/1960,05898 Corry Court,5.00235E+15,mastercard
1275,Holmes,Mortimer,hmortimer7m@toplist.cz,3/8/1986,15 Mallory Avenue,3.72302E+14,americanexpress
1276,Royall,Blunsum,rblunsum7n@creativecommons.org,1/8/1972,5 Moland Pass,3.72302E+14,americanexpress
1277,Tammy,Perrottet,tperrottet7o@amazon.com,3/30/1985,28596 Algoma Road,5.01013E+15,mastercard
1278,Loleta,Pidgeon,lpidgeon7p@disqus.com,11/26/1999,748 Ridgeway Court,5.00767E+15,mastercard
1279,Bev,Yanshonok,byanshonok7q@shinystat.com,6/26/1975,00964 Center Place,3.72302E+14,americanexpress
1280,Jennilee,Jeffes,jjeffes7r@auda.org.au,10/28/1977,28859 Nelson Hill,3.72301E+14,americanexpress
1281,Ebenezer,Brass,ebrass7s@e-recht24.de,5/15/1969,75 Alpine Point,5.00235E+15,mastercard
1282,Maxim,Meake,mmeake7t@bloglovin.com,11/10/1985,1475 Granby Junction,5.00236E+15,mastercard
1283,Daryl,Pike,dpike7u@pbs.org,5/3/1951,10 Raven Road,5.00766E+15,mastercard
1284,Flory,Scotting,fscotting7v@google.nl,6/24/1981,06 Bunker Hill Parkway,5.00235E+15,mastercard
1285,Cherry,Gibbin,cgibbin7w@posterous.com,11/27/1953,8800 Heffernan Trail,5.00767E+15,mastercard
1286,Maggie,Verrico,mverrico7x@newsvine.com,3/23/1950,41 Hoepker Crossing,5.01013E+15,mastercard
1287,Magdalen,Decker,mdecker7y@sun.com,2/14/1999,701 Barby Street,3.72302E+14,americanexpress
1288,Kerri,Revelle,krevelle7z@wisc.edu,4/26/1983,3 Forest Run Hill,3.72302E+14,americanexpress
1289,Ezra,Bales,ebales80@tinypic.com,5/18/1971,17 Johnson Place,5.00767E+15,mastercard
1290,Georgi,Trevithick,gtrevithick81@geocities.com,12/8/1975,216 Menomonie Center,5.00767E+15,mastercard
1291,Kikelia,Osboldstone,kosboldstone82@squarespace.com,6/25/1972,99440 Basil Lane,5.00767E+15,mastercard
1292,Sally,Okie,sokie83@amazon.co.uk,12/1/1955,2 Declaration Circle,5.01013E+15,mastercard
1293,Maury,Kirkbright,mkirkbright84@ed.gov,12/18/2001,843 Becker Point,5.00236E+15,mastercard
1294,Morty,Jehaes,mjehaes85@odnoklassniki.ru,4/23/1951,32 Carberry Plaza,5.00767E+15,mastercard
1295,Gordan,Hickenbottom,ghickenbottom86@liveinternet.ru,2/18/1953,8001 Sutteridge Point,5.01013E+15,mastercard
1296,Dermot,Goode,dgoode87@ocn.ne.jp,5/8/1976,7 Packers Pass,5.00767E+15,mastercard
1297,Cindy,Reame,creame88@java.com,11/8/1982,45030 Northview Terrace,5.00766E+15,mastercard
1298,Bryon,Swinfon,bswinfon89@dmoz.org,12/14/1983,740 Schlimgen Alley,5.00767E+15,mastercard
1299,Rosalie,MacNeice,rmacneice8a@whitehouse.gov,1/19/1984,9 Fieldstone Lane,5.00767E+15,mastercard
1300,Reeba,Hatcliffe,rhatcliffe8b@phoca.cz,5/9/1996,0337 Bluejay Place,5.00235E+15,mastercard
1301,Stacie,Obert,sobert8c@answers.com,1/3/1977,562 Little Fleur Drive,5.00767E+15,mastercard
1302,Shannon,Simek,ssimek8d@dagondesign.com,8/1/2003,3401 Stuart Parkway,3.72302E+14,americanexpress
1303,Kiley,Ryall,kryall8e@prlog.org,6/16/1981,9411 Helena Pass,5.00235E+15,mastercard
1304,Doro,Adamovicz,dadamovicz8f@canalblog.com,1/27/1955,804 Mariners Cove Park,5.01012E+15,mastercard
1305,Yasmin,Copins,ycopins8g@xrea.com,2/12/1962,5135 Judy Parkway,5.01012E+15,mastercard
1306,Salomon,Zapatero,szapatero8h@t-online.de,3/20/1995,18 Hagan Lane,3.72302E+14,americanexpress
1307,Shanda,Wolford,swolford8i@state.gov,11/17/1984,8 Lakeland Drive,3.72302E+14,americanexpress
1308,Skylar,Praill,spraill8j@w3.org,10/14/1978,034 Kipling Parkway,3.72301E+14,americanexpress
1309,Sandor,Oade,soade8k@simplemachines.org,6/28/1950,1187 Porter Point,5.01012E+15,mastercard
1310,Brendan,Fleg,bfleg8l@studiopress.com,2/26/1965,92786 Grayhawk Trail,3.72302E+14,americanexpress
1311,Regan,McLardie,rmclardie8m@oracle.com,1/29/1954,5 Roxbury Avenue,3.72301E+14,americanexpress
1312,Terri-jo,Waple,twaple8n@google.cn,2/3/1966,199 Ryan Place,5.00766E+15,mastercard
1313,Astrid,Atyeo,aatyeo8o@acquirethisname.com,7/7/1977,91 Elgar Alley,3.72301E+14,americanexpress
1314,Heriberto,Warricker,hwarricker8p@cnet.com,8/11/1966,25491 Sundown Junction,5.00766E+15,mastercard
1315,Hurlee,Cresswell,hcresswell8q@ocn.ne.jp,6/2/1957,5381 Miller Trail,5.01012E+15,mastercard
1316,Rianon,Blow,rblow8r@facebook.com,1/31/1999,12 Longview Place,3.72301E+14,americanexpress
1317,Ilaire,Gallacher,igallacher8s@surveymonkey.com,6/16/1965,167 Ruskin Parkway,5.01012E+15,mastercard
1318,Sheilakathryn,Gauvain,sgauvain8t@goo.ne.jp,6/10/1977,1915 Sommers Avenue,5.00236E+15,mastercard
1319,Wynn,Toquet,wtoquet8u@naver.com,8/22/1986,16164 Memorial Crossing,5.01012E+15,mastercard
1320,Dorothy,Cuffe,dcuffe8v@ifeng.com,10/6/1957,3 Loomis Lane,5.00236E+15,mastercard
1321,Dionysus,Jaeggi,djaeggi8w@sitemeter.com,12/6/1996,475 Stoughton Lane,3.72301E+14,americanexpress
1322,Hillyer,Wallington,hwallington8x@dailymail.co.uk,1/30/1959,62 Farwell Avenue,5.00766E+15,mastercard
1323,Allys,Gazzard,agazzard8y@wiley.com,5/12/1982,902 Claremont Center,5.00766E+15,mastercard
1324,Robby,Kemmons,rkemmons8z@oakley.com,3/27/1958,0356 Kenwood Park,5.00767E+15,mastercard
1325,Pooh,Eckley,peckley90@i2i.jp,1/12/1953,470 Thackeray Junction,5.00235E+15,mastercard
1326,Nadean,Crumley,ncrumley91@tmall.com,8/28/1957,22725 Linden Pass,3.72301E+14,americanexpress
1327,Ab,Conaghan,aconaghan92@about.me,10/26/1959,38725 Kingsford Hill,3.72301E+14,americanexpress
1328,Flss,Snawdon,fsnawdon93@xrea.com,11/6/1950,2 Northridge Way,3.72301E+14,americanexpress
1329,Felicdad,Paz,fpaz94@ucoz.ru,1/9/1984,1 Pankratz Place,5.00767E+15,mastercard
1330,Basia,Algeo,balgeo95@unblog.fr,11/30/1983,97125 Coolidge Hill,3.72302E+14,americanexpress
1331,Wendeline,Baden,wbaden96@umich.edu,8/28/1968,9 Gulseth Pass,5.00236E+15,mastercard
1332,Angie,Toplin,atoplin97@zdnet.com,4/4/2003,3764 Pankratz Park,5.00235E+15,mastercard
1333,Donnie,Mepsted,dmepsted98@jimdo.com,8/5/1985,9 Knutson Hill,5.00236E+15,mastercard
1334,Myca,Pennyman,mpennyman99@google.es,9/29/2003,024 Autumn Leaf Parkway,3.72302E+14,americanexpress
1335,Rupert,Scallon,rscallon9a@cam.ac.uk,8/22/1972,376 Knutson Drive,5.00766E+15,mastercard
1336,Miran,Livett,mlivett9b@nasa.gov,4/4/2003,14 Summer Ridge Junction,5.00236E+15,mastercard
1337,Wanids,Devericks,wdevericks9c@noaa.gov,1/23/1983,61 Dawn Place,5.01012E+15,mastercard
1338,Paige,Kitchinghan,pkitchinghan9d@seesaa.net,2/9/1984,340 Pine View Court,5.00236E+15,mastercard
1339,Gradeigh,Janaway,gjanaway9e@china.com.cn,4/27/1953,798 Hollow Ridge Park,5.01013E+15,mastercard
1340,Cathleen,Duffit,cduffit9f@nytimes.com,7/10/1972,652 Lien Place,5.00236E+15,mastercard
1341,Briano,Jacobsz,bjacobsz9g@ask.com,2/25/1979,68 3rd Park,5.00766E+15,mastercard
1342,Pancho,Bulfoot,pbulfoot9h@patch.com,7/18/1953,85737 Dawn Trail,3.72302E+14,americanexpress
1343,Gwyneth,Peers,gpeers9i@irs.gov,10/4/1978,6 Fieldstone Way,5.00766E+15,mastercard
1344,Sarette,Jerome,sjerome9j@fda.gov,3/18/1983,27551 Little Fleur Lane,5.00236E+15,mastercard
1345,Kerry,Klimsch,kklimsch9k@mit.edu,1/1/1982,69 Heffernan Place,3.72302E+14,americanexpress
1346,Linette,Garber,lgarber9l@infoseek.co.jp,5/1/1982,0 Truax Junction,5.00767E+15,mastercard
1347,Aimee,Peacocke,apeacocke9m@marriott.com,5/6/1995,76170 Kropf Court,5.01012E+15,mastercard
1348,Fidela,Izchaki,fizchaki9n@illinois.edu,9/27/1999,827 Chive Place,5.00766E+15,mastercard
1349,Horton,McTrustrie,hmctrustrie9o@google.com.au,9/23/1978,66 Esker Lane,5.00236E+15,mastercard
1350,Thorin,Upex,tupex9p@usnews.com,4/7/1984,6 Forest Run Street,5.01012E+15,mastercard
1351,Catharina,Manville,cmanville9q@issuu.com,10/2/1957,3 Saint Paul Plaza,5.01012E+15,mastercard
1352,Annabelle,Pedrielli,apedrielli9r@linkedin.com,12/18/1991,97524 Meadow Vale Park,5.01012E+15,mastercard
1353,Noelyn,Whall,nwhall9s@mayoclinic.com,11/11/2000,86 Macpherson Way,5.00766E+15,mastercard
1354,Corinne,Taffs,ctaffs9t@wix.com,6/3/1965,99 Judy Hill,5.01013E+15,mastercard
1355,Martie,De Bruijn,mdebruijn9u@biglobe.ne.jp,6/3/1966,99 Ronald Regan Crossing,3.72302E+14,americanexpress
1356,Philippine,Mochan,pmochan9v@addthis.com,6/21/1986,2 Dovetail Circle,3.72301E+14,americanexpress
1357,Hilde,Russi,hrussi9w@google.ru,3/29/2001,1 Kim Center,5.00236E+15,mastercard
1358,Syd,Thwaites,sthwaites9x@e-recht24.de,2/3/1960,75261 School Pass,5.00235E+15,mastercard
1359,Tracy,Chick,tchick9y@edublogs.org,7/22/1974,54 Crownhardt Drive,5.00236E+15,mastercard
1360,Ebba,Serman,eserman9z@hatena.ne.jp,10/7/1956,5 Twin Pines Road,3.72301E+14,americanexpress
1361,Benny,Roder,brodera0@sohu.com,3/6/1998,7455 Kipling Park,5.00235E+15,mastercard
1362,Zackariah,O'Loinn,zoloinna1@marketwatch.com,9/5/1955,1 Shopko Place,5.01013E+15,mastercard
1363,Delores,Baxstare,dbaxstarea2@exblog.jp,6/9/1975,60809 Ridge Oak Crossing,3.72301E+14,americanexpress
1364,Idelle,Large,ilargea3@bbb.org,2/14/1998,7 Delaware Alley,3.72302E+14,americanexpress
1365,Kelby,Vigers,kvigersa4@cargocollective.com,6/8/1957,85623 Surrey Hill,5.00235E+15,mastercard
1366,Padgett,Freiberg,pfreiberga5@mac.com,3/29/1993,1 Walton Terrace,5.01012E+15,mastercard
1367,Maribeth,Di Meo,mdimeoa6@xinhuanet.com,9/30/1997,4 Pine View Alley,5.01013E+15,mastercard
1368,Jerrilee,Bewly,jbewlya7@webeden.co.uk,1/16/1977,9045 Bluestem Pass,3.72301E+14,americanexpress
1369,Lynnet,Beaford,lbeaforda8@ehow.com,3/11/1964,6908 Thompson Lane,5.00766E+15,mastercard
1370,Louie,Martinelli,lmartinellia9@wp.com,11/14/1970,820 Vernon Point,3.72301E+14,americanexpress
1371,Almira,Haynesford,ahaynesfordaa@pbs.org,11/19/1999,007 Green Ridge Terrace,5.00235E+15,mastercard
1372,Stepha,Strowther,sstrowtherab@posterous.com,12/5/2003,756 Anniversary Pass,5.01012E+15,mastercard
1373,Mag,Rosenvasser,mrosenvasserac@issuu.com,5/22/1991,3 Hansons Way,5.00767E+15,mastercard
1374,Otes,Bezzant,obezzantad@qq.com,8/5/1987,80 Ridgeview Crossing,5.01013E+15,mastercard
1375,Christa,Hannabus,channabusae@delicious.com,12/14/1972,77 Summit Circle,5.00767E+15,mastercard
1376,Renato,Woolager,rwoolageraf@wikispaces.com,6/27/1975,4250 Sunbrook Drive,5.01013E+15,mastercard
1377,Kellia,Neames,kneamesag@earthlink.net,2/26/1977,32 Almo Hill,5.00766E+15,mastercard
1378,Reagan,Jurzyk,rjurzykah@csmonitor.com,9/2/1957,82 Arapahoe Terrace,5.00766E+15,mastercard
1379,Leanora,McFater,lmcfaterai@twitter.com,10/8/1954,1 Londonderry Street,5.00766E+15,mastercard
1380,Hasheem,Broszkiewicz,hbroszkiewiczaj@twitter.com,1/7/1966,52 Golf Avenue,3.72301E+14,americanexpress
1381,Ivory,Bowlas,ibowlasak@independent.co.uk,1/18/1963,7 Sycamore Alley,3.72302E+14,americanexpress
1382,Cary,Frangione,cfrangioneal@ifeng.com,11/24/1952,85 Sugar Pass,5.01012E+15,mastercard
1383,Lucille,Huske,lhuskeam@shop-pro.jp,2/20/1959,9 Shoshone Terrace,5.01012E+15,mastercard
1384,Guendolen,Hayselden,ghayseldenan@4shared.com,8/25/1986,45 Surrey Lane,5.00766E+15,mastercard
1385,Alonzo,Pett,apettao@w3.org,5/22/1956,6 Sullivan Drive,5.00235E+15,mastercard
1386,Holt,Lawday,hlawdayap@yolasite.com,2/20/1955,8197 Hanover Park,3.72301E+14,americanexpress
1387,Jacquette,Trematick,jtrematickaq@nature.com,4/6/1999,91 Graceland Place,5.00767E+15,mastercard
1388,Darryl,Kehoe,dkehoear@ucla.edu,8/3/1991,3 Meadow Valley Center,3.72302E+14,americanexpress
1389,Clea,Beeden,cbeedenas@photobucket.com,10/14/2002,190 Corscot Center,5.00235E+15,mastercard
1390,Bron,Aizkovitch,baizkovitchat@sogou.com,7/28/1978,0695 1st Center,5.01013E+15,mastercard
1391,Bobette,Mapples,bmapplesau@cafepress.com,12/30/1984,32135 Hintze Street,3.72301E+14,americanexpress
1392,Tirrell,Chattelaine,tchattelaineav@nsw.gov.au,4/4/1988,711 Dottie Plaza,5.00766E+15,mastercard
1393,Heall,Szach,hszachaw@google.com.br,10/2/1987,9932 Victoria Drive,5.00767E+15,mastercard
1394,Hobart,Antoniades,hantoniadesax@dailymail.co.uk,5/16/1977,3955 Schmedeman Pass,3.72302E+14,americanexpress
1395,Prescott,Rulf,prulfay@pen.io,3/7/1963,954 Wayridge Circle,5.00235E+15,mastercard
1396,Alvina,MacLucais,amaclucaisaz@google.de,9/5/1987,683 Bobwhite Road,5.01013E+15,mastercard
1397,Conan,Pracy,cpracyb0@zimbio.com,6/14/1981,32 Gerald Court,3.72301E+14,americanexpress
1398,Norrie,McMaster,nmcmasterb1@census.gov,6/25/1968,75201 Jackson Junction,5.00236E+15,mastercard
1399,Nickolas,Bottoner,nbottonerb2@psu.edu,10/2/1969,61860 Oxford Road,5.00767E+15,mastercard
1400,Dosi,Manntschke,dmanntschkeb3@reference.com,9/14/2002,08001 Memorial Crossing,5.00236E+15,mastercard
1401,Mariele,Gilvear,mgilvearb4@ovh.net,3/5/1957,60028 Macpherson Avenue,3.72302E+14,americanexpress
1402,Karola,Bellee,kbelleeb5@utexas.edu,10/7/1958,183 Chinook Court,5.01012E+15,mastercard
1403,Poul,Cornwell,pcornwellb6@who.int,6/25/1983,94 Moland Avenue,5.00235E+15,mastercard
1404,Emmeline,Da Costa,edacostab7@merriam-webster.com,1/27/1983,8 Shelley Parkway,5.00767E+15,mastercard
1405,Northrup,Ewens,newensb8@google.com.hk,2/8/2002,14 Sherman Drive,3.72302E+14,americanexpress
1406,Di,Hamson,dhamsonb9@etsy.com,1/1/1981,372 Almo Road,5.01013E+15,mastercard
1407,Bili,Maleham,bmalehamba@yahoo.com,9/22/1992,7 Mallard Avenue,5.00235E+15,mastercard
1408,Jeri,Caple,jcaplebb@washington.edu,6/19/1975,82315 Iowa Point,5.00236E+15,mastercard
1409,Kent,Cauldfield,kcauldfieldbc@mtv.com,1/6/1982,4 Rieder Way,3.72302E+14,americanexpress
1410,Miller,Sunderland,msunderlandbd@1und1.de,7/7/1989,020 Center Court,5.00766E+15,mastercard
1411,Denney,Waszkiewicz,dwaszkiewiczbe@businessweek.com,10/31/1977,3796 Straubel Point,5.01013E+15,mastercard
1412,Baxie,Calvert,bcalvertbf@msn.com,3/24/1955,081 Texas Junction,5.00236E+15,mastercard
1413,Wye,Schoular,wschoularbg@facebook.com,7/7/1958,42 Nevada Lane,5.01013E+15,mastercard
1414,Chloris,Culy,cculybh@shutterfly.com,12/11/1976,5 Lien Alley,3.72301E+14,americanexpress
1415,Karrah,Starten,kstartenbi@ed.gov,10/30/1962,916 Badeau Hill,5.01012E+15,mastercard
1416,Carlynne,Vergine,cverginebj@google.cn,6/26/1978,6095 Coleman Place,5.00767E+15,mastercard
1417,Rufus,Pinwell,rpinwellbk@artisteer.com,1/17/1965,7 Mariners Cove Court,5.00235E+15,mastercard
1418,Les,Farlamb,lfarlambbl@is.gd,5/19/1981,4701 Lakewood Gardens Point,3.72301E+14,americanexpress
1419,Bernice,Aronovich,baronovichbm@freewebs.com,12/18/1951,0634 Elgar Park,3.72302E+14,americanexpress
1420,Augustin,Frays,afraysbn@storify.com,5/12/2003,7671 Roth Place,3.72301E+14,americanexpress
1421,Wilbur,Playhill,wplayhillbo@home.pl,10/10/1979,6 Starling Plaza,5.00766E+15,mastercard
1422,Zack,Esland,zeslandbp@facebook.com,10/12/1967,374 Larry Park,3.72301E+14,americanexpress
1423,Pepi,Baulch,pbaulchbq@gizmodo.com,12/12/1965,77 Towne Center,5.01012E+15,mastercard
1424,Tony,Schwandt,tschwandtbr@youtube.com,8/6/1979,395 Nancy Alley,5.00766E+15,mastercard
1425,Willis,felip,wfelipbs@google.com.au,1/10/1995,57 Florence Crossing,5.01013E+15,mastercard
1426,Annecorinne,Shasnan,ashasnanbt@simplemachines.org,10/23/1951,971 Holy Cross Road,5.01013E+15,mastercard
1427,Marcela,Fyrth,mfyrthbu@nsw.gov.au,9/10/1979,4 Melby Point,5.01013E+15,mastercard
1428,Sibyl,Nudds,snuddsbv@baidu.com,6/5/1978,72 Pierstorff Junction,5.00236E+15,mastercard
1429,Blakelee,Rosingdall,brosingdallbw@blogs.com,5/25/1961,9 Dryden Crossing,5.00235E+15,mastercard
1430,Zondra,Abdee,zabdeebx@theglobeandmail.com,5/8/1958,2 Milwaukee Junction,5.01013E+15,mastercard
1431,Ruthy,Hardaway,rhardawayby@pcworld.com,7/9/1976,64 Jenna Trail,3.72301E+14,americanexpress
1432,Duffy,Cathie,dcathiebz@pinterest.com,10/20/1951,6267 Macpherson Park,3.72302E+14,americanexpress
1433,Joann,Newbigging,jnewbiggingc0@oakley.com,8/6/1997,69 Autumn Leaf Court,5.00235E+15,mastercard
1434,Dorthy,Atack,datackc1@devhub.com,9/8/1980,3 Colorado Lane,5.00766E+15,mastercard
1435,Aleece,Kingscote,akingscotec2@gov.uk,1/1/1959,61 Nova Lane,5.00236E+15,mastercard
1436,Beilul,Whodcoat,bwhodcoatc3@mapy.cz,3/26/1953,424 Vera Place,5.01012E+15,mastercard
1437,Lynea,Sweet,lsweetc4@fastcompany.com,11/6/1995,56 Surrey Pass,5.00766E+15,mastercard
1438,Wylma,Fontelles,wfontellesc5@google.com.br,2/16/1990,4 Valley Edge Pass,5.01013E+15,mastercard
1439,Pavel,Kunzler,pkunzlerc6@chronoengine.com,4/11/1981,0 Hintze Court,3.72301E+14,americanexpress
1440,Norean,Sant,nsantc7@vkontakte.ru,3/17/1980,1 Waywood Plaza,5.01013E+15,mastercard
1441,Alicea,Snoday,asnodayc8@dropbox.com,1/19/1993,9781 Nelson Crossing,5.00767E+15,mastercard
1442,Martha,Mapes,mmapesc9@t.co,5/14/1999,7 Cambridge Street,5.00767E+15,mastercard
1443,Lexi,Berlin,lberlinca@list-manage.com,5/28/1950,74721 Fremont Alley,5.01012E+15,mastercard
1444,Jefferson,Gibb,jgibbcb@desdev.cn,1/24/1992,994 Merchant Street,5.00235E+15,mastercard
1445,Shawn,Bletcher,sbletchercc@xrea.com,3/7/1984,003 Colorado Lane,5.01012E+15,mastercard
1446,Mil,Kilbane,mkilbanecd@wordpress.com,10/18/1972,6 Menomonie Road,5.01012E+15,mastercard
1447,Lars,Coram,lcoramce@google.it,11/4/1979,54829 Haas Way,5.00766E+15,mastercard
1448,Palmer,de Grey,pdegreycf@google.com.br,3/19/1992,973 Briar Crest Park,5.00235E+15,mastercard
1449,Hollis,Cosgriff,hcosgriffcg@columbia.edu,8/23/1973,080 Novick Avenue,5.01013E+15,mastercard
1450,Latashia,Chese,lchesech@hubpages.com,8/8/2001,7483 Manley Crossing,5.00236E+15,mastercard
1451,Ellwood,Note,enoteci@booking.com,8/25/1987,526 Truax Pass,3.72302E+14,americanexpress
1452,Giraldo,Pettiward,gpettiwardcj@wordpress.org,11/29/1995,6872 Barnett Road,5.00767E+15,mastercard
1453,Hanan,Pottes,hpottesck@rakuten.co.jp,9/12/1986,78 Grasskamp Way,5.01012E+15,mastercard
1454,Dot,Dobey,ddobeycl@china.com.cn,6/13/1952,1808 Fair Oaks Crossing,5.01012E+15,mastercard
1455,Cam,Strewther,cstrewthercm@google.com.hk,11/27/1962,6249 Mallory Court,3.72302E+14,americanexpress
1456,Bobbie,Terrans,bterranscn@domainmarket.com,2/14/1993,9 Mcbride Hill,5.00235E+15,mastercard
1457,Janice,Frunks,jfrunksco@narod.ru,11/3/1970,37991 Almo Lane,5.01013E+15,mastercard
1458,Auria,Duro,adurocp@cisco.com,1/26/1950,70 Bobwhite Alley,5.00767E+15,mastercard
1459,Lacee,Simmgen,lsimmgencq@rambler.ru,11/10/1954,25534 Butterfield Avenue,5.00766E+15,mastercard
1460,Ripley,Kilpin,rkilpincr@alibaba.com,8/22/1964,53449 Starling Center,5.01012E+15,mastercard
1461,Louise,Kite,lkitecs@netvibes.com,7/17/2001,80265 Merchant Plaza,5.01012E+15,mastercard
1462,Andra,Guerrazzi,aguerrazzict@ca.gov,6/4/1986,6662 Bay Lane,5.00767E+15,mastercard
1463,Holden,Phoebe,hphoebecu@nymag.com,1/5/2002,2 Sachtjen Street,5.00767E+15,mastercard
1464,Celle,Hanhart,chanhartcv@gizmodo.com,7/12/1960,0 Redwing Lane,5.00767E+15,mastercard
1465,Stanislaw,Kingdom,skingdomcw@yolasite.com,4/16/1961,73255 Hollow Ridge Park,5.00236E+15,mastercard
1466,Reamonn,Bedburrow,rbedburrowcx@businessweek.com,5/1/1963,794 Service Drive,3.72301E+14,americanexpress
1467,Chalmers,Quincee,cquinceecy@sogou.com,4/10/1956,6 Kinsman Court,5.00766E+15,mastercard
1468,Stewart,Pellatt,spellattcz@craigslist.org,11/19/1987,64 Lindbergh Trail,5.00766E+15,mastercard
1469,Rick,Ingold,ringoldd0@redcross.org,5/19/1985,96744 Delaware Alley,5.01013E+15,mastercard
1470,Ashien,Bridle,abridled1@mit.edu,7/8/1953,5 Mitchell Court,5.01013E+15,mastercard
1471,Alisha,Spring,aspringd2@goodreads.com,11/7/1975,4895 Sycamore Center,5.01012E+15,mastercard
1472,Felizio,Lennard,flennardd3@scribd.com,8/29/1988,9 Brickson Park Parkway,5.01012E+15,mastercard
1473,Barbie,Vreede,bvreeded4@xing.com,5/9/1968,5 Anniversary Lane,5.00235E+15,mastercard
1474,Asa,Priestley,apriestleyd5@istockphoto.com,3/18/1982,9911 Sullivan Street,3.72301E+14,americanexpress
1475,Felic,Lindmark,flindmarkd6@people.com.cn,1/13/2001,19 Cascade Road,5.01013E+15,mastercard
1476,Gerek,Romayn,gromaynd7@deliciousdays.com,1/19/2000,647 Carioca Terrace,5.00766E+15,mastercard
1477,Ethan,Matisoff,ematisoffd8@qq.com,5/3/1966,5 Buell Point,5.00767E+15,mastercard
1478,Caron,Fulstow,cfulstowd9@so-net.ne.jp,1/12/1951,3 Sullivan Center,3.72302E+14,americanexpress
1479,Shirlene,Etuck,setuckda@nsw.gov.au,9/28/1968,93 Fisk Circle,5.00236E+15,mastercard
1480,Derrek,Hodgon,dhodgondb@wsj.com,4/5/1973,0 John Wall Parkway,5.01012E+15,mastercard
1481,Erv,Stoffer,estofferdc@hao123.com,12/12/1966,572 Almo Crossing,3.72301E+14,americanexpress
1482,Cristabel,Ferenc,cferencdd@nyu.edu,12/17/1980,2 Hermina Plaza,3.72302E+14,americanexpress
1483,Andy,Phebey,aphebeyde@creativecommons.org,2/24/1998,508 Nevada Trail,5.01013E+15,mastercard
1484,Jammal,Han,jhandf@cdc.gov,4/16/1991,458 Eastlawn Street,5.00766E+15,mastercard
1485,Galven,Echlin,gechlindg@narod.ru,2/15/1964,416 Meadow Vale Trail,5.00236E+15,mastercard
1486,Elmer,Fletcher,efletcherdh@sbwire.com,1/3/1988,34 High Crossing Court,5.00236E+15,mastercard
1487,Zena,Carbert,zcarbertdi@blog.com,6/1/1952,5 Swallow Trail,3.72301E+14,americanexpress
1488,Layney,Cristol,lcristoldj@clickbank.net,2/12/1963,8788 Walton Street,5.00236E+15,mastercard
1489,Gillian,Northin,gnorthindk@google.com.hk,8/22/1952,94 3rd Terrace,5.00766E+15,mastercard
1490,Willette,Yendle,wyendledl@wp.com,10/6/1973,6 Arkansas Way,5.00767E+15,mastercard
1491,Vasilis,Chritchlow,vchritchlowdm@reuters.com,11/6/1974,94 Melby Circle,3.72302E+14,americanexpress
1492,Mathilda,Scala,mscaladn@slate.com,3/12/1962,3 Maple Wood Junction,3.72301E+14,americanexpress
1493,Danette,Cantero,dcanterodo@yolasite.com,5/16/1997,19 Nevada Pass,5.00766E+15,mastercard
1494,Wayne,Orrin,worrindp@topsy.com,5/28/1957,32 Walton Parkway,3.72302E+14,americanexpress
1495,Gerti,Robbeke,grobbekedq@geocities.jp,2/9/1995,91034 Kipling Plaza,5.01013E+15,mastercard
1496,Ottilie,Noell,onoelldr@addthis.com,2/14/1992,18785 Hanover Point,5.01013E+15,mastercard
1497,Homer,Loosely,hlooselyds@typepad.com,7/26/1982,180 3rd Street,5.00766E+15,mastercard
1498,Rowen,Harrie,rharriedt@symantec.com,7/19/1966,4149 Oak Place,5.00767E+15,mastercard
1499,Hervey,McCanny,hmccannydu@hc360.com,10/17/1990,254 Holy Cross Lane,5.00236E+15,mastercard
1500,Gerard,Niche,gnichedv@webeden.co.uk,10/11/2000,31 Hoepker Lane,5.01012E+15,mastercard
1501,Minnnie,Killoran,mkillorandw@acquirethisname.com,10/22/1980,25 Hoard Lane,5.00236E+15,mastercard
1502,Sayre,Rivel,sriveldx@mayoclinic.com,2/27/2002,59 Clarendon Center,5.00235E+15,mastercard
1503,Killian,Turbat,kturbatdy@de.vu,3/27/1959,0141 Hansons Point,3.72301E+14,americanexpress
1504,Ludovika,Gath,lgathdz@bloglovin.com,9/19/2003,9 Dapin Place,5.01012E+15,mastercard
1505,Sabina,Gloves,sglovese0@vkontakte.ru,3/19/1971,4339 Crescent Oaks Court,5.01013E+15,mastercard
1506,Lorianna,Balffye,lbalffyee1@deliciousdays.com,3/7/1964,279 Sherman Trail,5.01012E+15,mastercard
1507,Dorey,Bramhill,dbramhille2@xing.com,12/11/1979,13696 Pearson Court,5.00766E+15,mastercard
1508,Kaine,Glasard,kglasarde3@1688.com,5/1/1954,12 Cottonwood Circle,5.01012E+15,mastercard
1509,Chester,Astin,castine4@multiply.com,12/7/1990,70 La Follette Way,5.00767E+15,mastercard
1510,Fred,Clougher,fcloughere5@nps.gov,11/9/1974,6 Sycamore Avenue,5.00235E+15,mastercard
1511,Chiquita,Canape,ccanapee6@naver.com,12/24/1989,1 Warner Road,5.01012E+15,mastercard
1512,Katuscha,Laverack,klaveracke7@i2i.jp,12/10/1956,5373 Ronald Regan Plaza,5.00235E+15,mastercard
1513,Karlens,Blamphin,kblamphine8@eepurl.com,5/16/1965,2680 Lunder Street,3.72302E+14,americanexpress
1514,Gabriell,Drinkhall,gdrinkhalle9@newsvine.com,4/11/1988,9 Algoma Trail,5.01012E+15,mastercard
1515,Goldy,Ciementini,gciementiniea@nbcnews.com,3/25/1979,21 Sherman Point,5.00235E+15,mastercard
1516,Jean,Cote,jcoteeb@bing.com,11/30/1978,075 Vermont Drive,3.72301E+14,americanexpress
1517,Trstram,Drinkale,tdrinkaleec@reddit.com,3/26/1999,2000 Twin Pines Alley,5.00766E+15,mastercard
1518,Garwood,Cockshot,gcockshoted@domainmarket.com,9/17/1987,5394 Burrows Parkway,5.00766E+15,mastercard
1519,Hyman,Berwick,hberwickee@java.com,3/27/1971,23832 Manley Plaza,5.01013E+15,mastercard
1520,Prinz,Roscam,proscamef@cdc.gov,3/19/1982,90 Rockefeller Drive,5.00766E+15,mastercard
1521,Yolane,Cancellario,ycancellarioeg@timesonline.co.uk,4/24/1954,383 Truax Center,5.00766E+15,mastercard
1522,Teresina,MacGillivrie,tmacgillivrieeh@yale.edu,9/25/1956,99 Loftsgordon Point,5.01013E+15,mastercard
1523,Pauline,Heaviside,pheavisideei@smh.com.au,6/18/1974,3228 5th Drive,5.01012E+15,mastercard
1524,Dierdre,Lempertz,dlempertzej@cisco.com,4/11/1977,80783 Northfield Trail,5.00235E+15,mastercard
1525,Maureene,Warrell,mwarrellek@economist.com,10/30/1996,06 Kedzie Court,5.00236E+15,mastercard
1526,Selle,Barclay,sbarclayel@lycos.com,3/3/1963,9449 Tony Crossing,3.72301E+14,americanexpress
1527,Nathalie,McLachlan,nmclachlanem@so-net.ne.jp,2/5/1981,75 Center Terrace,5.00236E+15,mastercard
1528,Sydney,Rowlson,srowlsonen@ebay.com,3/7/1977,807 Troy Parkway,5.00766E+15,mastercard
1529,Austen,Rundle,arundleeo@bigcartel.com,1/28/1967,7727 Maryland Avenue,5.01012E+15,mastercard
1530,Cornie,Ygoe,cygoeep@seesaa.net,3/29/1985,27826 Delladonna Alley,5.00236E+15,mastercard
1531,Sande,Hullot,shulloteq@cornell.edu,1/9/1981,744 Butternut Parkway,5.00766E+15,mastercard
1532,Ramsay,Baine,rbaineer@live.com,8/30/1995,61 Pennsylvania Avenue,5.00766E+15,mastercard
1533,Raine,Conybear,rconybeares@goo.ne.jp,10/2/1960,93365 Columbus Circle,5.00767E+15,mastercard
1534,Gilbertina,Mollon,gmollonet@phoca.cz,9/14/1951,384 Mifflin Drive,5.00766E+15,mastercard
1535,Padraic,Pashbee,ppashbeeeu@vinaora.com,3/28/1981,5179 Del Mar Hill,5.00766E+15,mastercard
1536,Meggi,Stilldale,mstilldaleev@irs.gov,11/29/1956,1 Anhalt Way,5.01013E+15,mastercard
1537,Margy,Precious,mpreciousew@cnn.com,8/9/1995,80 Chinook Junction,5.01012E+15,mastercard
1538,Gussi,Shawdforth,gshawdforthex@storify.com,6/29/1974,56627 Lindbergh Lane,5.01013E+15,mastercard
1539,Jarrett,Dockrey,jdockreyey@hugedomains.com,11/17/1995,077 Kensington Lane,5.00236E+15,mastercard
1540,Dona,Filinkov,dfilinkovez@dmoz.org,1/25/1973,8 Hoepker Place,5.00236E+15,mastercard
1541,Samson,Lumsdall,slumsdallf0@wsj.com,5/10/1967,82746 Loomis Parkway,5.00235E+15,mastercard
1542,Konstance,Cheke,kchekef1@ovh.net,3/25/1962,43755 Pankratz Court,5.00767E+15,mastercard
1543,Cyril,Goodby,cgoodbyf2@bloglines.com,8/9/1988,703 Commercial Court,5.00766E+15,mastercard
1544,Fancy,Feckey,ffeckeyf3@umich.edu,4/28/1988,5 Crowley Crossing,5.01013E+15,mastercard
1545,Axe,Aylmer,aaylmerf4@examiner.com,5/9/1952,48 Granby Pass,5.00766E+15,mastercard
1546,Irving,Wrightim,iwrightimf5@trellian.com,5/17/1964,23 Clarendon Road,5.00767E+15,mastercard
1547,Allis,Blything,ablythingf6@mtv.com,1/21/1997,7 Stang Park,3.72301E+14,americanexpress
1548,Chris,Bleasdale,cbleasdalef7@cnet.com,12/26/1988,8209 Bultman Circle,5.00235E+15,mastercard
1549,Cherey,Bogie,cbogief8@ning.com,9/1/1978,5811 Huxley Pass,3.72301E+14,americanexpress
1550,Ardelia,Cardenas,acardenasf9@chron.com,4/12/1994,8 Ruskin Street,5.00236E+15,mastercard
1551,Mack,Kolakowski,mkolakowskifa@163.com,11/9/1970,240 Birchwood Center,5.01012E+15,mastercard
1552,Rosabella,Rennels,rrennelsfb@ow.ly,1/31/1976,24 Buell Alley,3.72302E+14,americanexpress
1553,Kelci,Redholes,kredholesfc@fc2.com,1/20/1999,746 Armistice Avenue,3.72302E+14,americanexpress
1554,Bette-ann,Collinge,bcollingefd@weibo.com,6/17/1968,4 Bayside Road,3.72302E+14,americanexpress
1555,Kaiser,Rodden,kroddenfe@1688.com,5/28/1980,71427 La Follette Junction,5.01012E+15,mastercard
1556,Kassey,Burroughes,kburroughesff@godaddy.com,1/30/1986,320 2nd Parkway,3.72301E+14,americanexpress
1557,Bond,Steuart,bsteuartfg@gizmodo.com,5/13/1971,54 Brentwood Circle,5.01012E+15,mastercard
1558,Guenna,Skeldon,gskeldonfh@goo.gl,3/24/1982,9 Waxwing Junction,5.01013E+15,mastercard
1559,Gretel,Cyster,gcysterfi@ibm.com,10/3/1962,489 Moose Road,5.00235E+15,mastercard
1560,Filippo,Treversh,ftrevershfj@constantcontact.com,11/19/1958,7 Carey Circle,3.72302E+14,americanexpress
1561,Dominique,Rotge,drotgefk@usda.gov,9/26/1966,1347 Gerald Parkway,5.00235E+15,mastercard
1562,Cal,Botley,cbotleyfl@exblog.jp,12/2/1975,05391 Eastwood Point,3.72301E+14,americanexpress
1563,Trace,Delgado,tdelgadofm@berkeley.edu,6/16/1952,4 Holmberg Court,3.72302E+14,americanexpress
1564,Roselin,Blundon,rblundonfn@woothemes.com,11/16/1989,5492 Autumn Leaf Way,5.00236E+15,mastercard
1565,Jolene,Dunford,jdunfordfo@wisc.edu,11/27/1966,01125 Division Alley,5.00235E+15,mastercard
1566,Maurise,MacPaike,mmacpaikefp@nba.com,12/21/1965,43332 Chive Circle,5.00235E+15,mastercard
1567,Murial,Spadotto,mspadottofq@aol.com,1/31/1981,28 Acker Way,5.00236E+15,mastercard
1568,Imelda,Spawforth,ispawforthfr@pcworld.com,12/8/1950,859 Erie Circle,5.00235E+15,mastercard
1569,Jacynth,Renyard,jrenyardfs@about.me,10/14/1964,6 Macpherson Crossing,5.01012E+15,mastercard
1570,Natale,Ropkes,nropkesft@mac.com,10/4/1950,1173 Continental Center,3.72301E+14,americanexpress
1571,Atlanta,Koppeck,akoppeckfu@digg.com,10/8/1974,64333 Surrey Circle,5.00767E+15,mastercard
1572,Galina,Lamswood,glamswoodfv@patch.com,12/24/1977,77541 Weeping Birch Circle,5.01012E+15,mastercard
1573,Phillipe,McDaid,pmcdaidfw@jimdo.com,9/15/1997,6 Randy Crossing,5.01013E+15,mastercard
1574,Jedidiah,Renzo,jrenzofx@google.de,6/7/1976,912 Pennsylvania Circle,3.72301E+14,americanexpress
1575,Ransell,Juggins,rjugginsfy@theguardian.com,9/12/1992,13 Westerfield Center,5.00767E+15,mastercard
1576,Chrissie,McIlenna,cmcilennafz@independent.co.uk,3/20/1968,38 Burrows Plaza,5.01013E+15,mastercard
1577,Emmy,Greatrakes,egreatrakesg0@baidu.com,6/3/1993,88762 Tennyson Lane,5.00236E+15,mastercard
1578,Ceil,Targetter,ctargetterg1@shinystat.com,5/23/2001,90 Lien Point,3.72302E+14,americanexpress
1579,Devin,Eberst,deberstg2@1688.com,9/7/1986,9995 Tennessee Park,5.00235E+15,mastercard
1580,Wesley,Merrigans,wmerrigansg3@stanford.edu,10/31/2003,07 Spaight Drive,5.00766E+15,mastercard
1581,Rosalia,Mulvin,rmulving4@arizona.edu,8/4/1993,5543 Mccormick Point,5.00236E+15,mastercard
1582,Karina,Bernardoux,kbernardouxg5@virginia.edu,2/6/1967,15 Crownhardt Pass,3.72302E+14,americanexpress
1583,Marthe,Scandwright,mscandwrightg6@nba.com,6/7/1992,40 Sheridan Court,3.72302E+14,americanexpress
1584,Karl,O'Carmody,kocarmodyg7@nih.gov,3/22/1973,7 Karstens Drive,5.01012E+15,mastercard
1585,Gale,Dowdney,gdowdneyg8@dagondesign.com,6/15/1998,66767 Dunning Center,5.01013E+15,mastercard
1586,Aurelie,Kleinhaus,akleinhausg9@ehow.com,12/17/1981,51427 Nova Place,3.72301E+14,americanexpress
1587,Kinnie,Sarge,ksargega@geocities.jp,11/24/2002,93 Laurel Drive,5.00767E+15,mastercard
1588,Worden,Coleson,wcolesongb@bloglovin.com,11/18/1998,8216 Moulton Point,5.01012E+15,mastercard
1589,Seamus,Hucks,shucksgc@ucsd.edu,11/7/1954,80 Kedzie Street,5.00236E+15,mastercard
1590,Mauricio,Kearford,mkearfordgd@last.fm,3/18/1997,2864 Truax Center,5.00235E+15,mastercard
1591,Karoly,Whytock,kwhytockge@stumbleupon.com,11/27/1983,36383 Emmet Place,5.00767E+15,mastercard
1592,Stearn,Stiger,sstigergf@netlog.com,10/11/1978,5 Hoepker Parkway,5.00235E+15,mastercard
1593,Tadio,Grigolashvill,tgrigolashvillgg@sina.com.cn,11/9/1976,778 Westport Parkway,5.01012E+15,mastercard
1594,Tabbi,Baselli,tbaselligh@boston.com,6/4/1975,734 Troy Drive,5.00236E+15,mastercard
1595,Blake,Hatliffe,bhatliffegi@cocolog-nifty.com,5/15/1964,02 Sachtjen Avenue,5.00767E+15,mastercard
1596,Konstantine,Telfer,ktelfergj@goo.gl,6/3/1968,0 Green Ridge Point,5.00766E+15,mastercard
1597,Corine,Flecknoe,cflecknoegk@rambler.ru,10/10/1998,66 Shelley Court,5.00235E+15,mastercard
1598,Melodee,Ayree,mayreegl@github.com,8/17/1983,038 3rd Crossing,5.00767E+15,mastercard
1599,Sky,Camoys,scamoysgm@chicagotribune.com,11/18/1960,35411 Melrose Alley,3.72301E+14,americanexpress
1600,Zena,Wabey,zwabeygn@ameblo.jp,10/19/1997,977 Caliangt Road,5.00766E+15,mastercard
1601,Ruttger,Risley,rrisleygo@disqus.com,1/7/1998,0634 Victoria Pass,5.00766E+15,mastercard
1602,Hugh,Tansill,htansillgp@arstechnica.com,1/3/1964,55055 Rigney Drive,5.00767E+15,mastercard
1603,Tadio,Huyghe,thuyghegq@toplist.cz,3/19/1957,40 Longview Crossing,5.01012E+15,mastercard
1604,Davon,Vance,dvancegr@qq.com,1/15/1987,0034 Blue Bill Park Road,5.00236E+15,mastercard
1605,Sophia,O'Grady,sogradygs@baidu.com,10/16/1989,0 Harbort Pass,3.72302E+14,americanexpress
1606,Olenka,Prantl,oprantlgt@free.fr,12/1/1989,87 Center Lane,5.00767E+15,mastercard
1607,Karol,MacAlpin,kmacalpingu@dell.com,5/16/1952,292 Grayhawk Terrace,3.72301E+14,americanexpress
1608,Lela,Guerreiro,lguerreirogv@ask.com,3/6/1990,98 Pierstorff Way,3.72301E+14,americanexpress
1609,Horst,Cessford,hcessfordgw@independent.co.uk,12/24/1987,3 Darwin Center,5.01012E+15,mastercard
1610,Kiersten,Chevis,kchevisgx@fotki.com,7/24/1969,09200 Macpherson Terrace,5.01012E+15,mastercard
1611,Staford,Andreix,sandreixgy@nyu.edu,2/5/1994,26887 Independence Crossing,5.00767E+15,mastercard
1612,Wilona,Aikett,waikettgz@goodreads.com,10/2/1976,797 Knutson Road,5.01012E+15,mastercard
1613,Nevil,Allewell,nallewellh0@fastcompany.com,12/10/1994,8 Sullivan Road,5.00767E+15,mastercard
1614,Margot,Sporle,msporleh1@ft.com,5/31/1982,67959 Montana Junction,3.72302E+14,americanexpress
1615,Blinny,Tatham,btathamh2@facebook.com,9/8/1970,4028 Kipling Point,3.72301E+14,americanexpress
1616,Granger,Petrenko,gpetrenkoh3@icio.us,6/30/1974,5455 Pierstorff Crossing,3.72302E+14,americanexpress
1617,Elysia,Slocom,eslocomh4@wordpress.org,6/17/1959,76757 Amoth Point,5.01012E+15,mastercard
1618,Corrine,Nolte,cnolteh5@bizjournals.com,3/3/1961,68 Ruskin Circle,5.00766E+15,mastercard
1619,Reese,Gratrex,rgratrexh6@studiopress.com,7/8/1967,7 Boyd Hill,5.01013E+15,mastercard
1620,Lindsay,Brandom,lbrandomh7@mlb.com,12/24/1964,83 Chinook Pass,5.00236E+15,mastercard
1621,Rebekkah,Donnel,rdonnelh8@huffingtonpost.com,11/21/1958,20970 Oak Valley Alley,3.72302E+14,americanexpress
1622,Lombard,Pauletto,lpaulettoh9@theglobeandmail.com,4/8/1959,160 Anderson Crossing,5.00766E+15,mastercard
1623,Emanuele,Hunnywell,ehunnywellha@slate.com,6/10/1993,4799 Ridgeview Pass,5.01013E+15,mastercard
1624,Annamaria,Ead,aeadhb@istockphoto.com,3/19/1994,90 Sutherland Place,5.00235E+15,mastercard
1625,Merry,Kohneke,mkohnekehc@photobucket.com,6/16/1952,39 Park Meadow Way,5.00767E+15,mastercard
1626,Monique,Holywell,mholywellhd@linkedin.com,4/16/1995,16874 Scott Point,5.00235E+15,mastercard
1627,Briana,Vanyard,bvanyardhe@aol.com,1/31/1951,5582 Brown Circle,5.00767E+15,mastercard
1628,Billi,Keaves,bkeaveshf@hubpages.com,1/3/1986,4364 Thompson Junction,5.01012E+15,mastercard
1629,Audi,Yendall,ayendallhg@naver.com,1/30/1983,66597 Lindbergh Circle,5.00767E+15,mastercard
1630,Linda,Chaster,lchasterhh@hao123.com,8/4/1964,047 Village Green Junction,5.00766E+15,mastercard
1631,Grata,Ellingsworth,gellingsworthhi@va.gov,1/19/1985,78 Manley Road,5.00766E+15,mastercard
1632,Kerr,Leitch,kleitchhj@bbc.co.uk,12/16/1984,8 Lindbergh Lane,3.72302E+14,americanexpress
1633,Lesly,Sandle,lsandlehk@google.nl,6/14/1989,23 Merry Terrace,5.00767E+15,mastercard
1634,Barrie,Mewe,bmewehl@baidu.com,9/1/1959,57 Grover Trail,5.00236E+15,mastercard
1635,Vanni,Vasechkin,vvasechkinhm@cocolog-nifty.com,4/12/1977,805 Moose Road,5.00766E+15,mastercard
1636,Kordula,Shall,kshallhn@yahoo.co.jp,6/20/1963,0091 Bonner Circle,5.00767E+15,mastercard
1637,Heloise,Hofton,hhoftonho@ibm.com,8/14/1960,7 Cody Terrace,5.00235E+15,mastercard
1638,Odelinda,Frodsam,ofrodsamhp@earthlink.net,3/12/1969,65 Vernon Crossing,5.00766E+15,mastercard
1639,Samaria,Blyth,sblythhq@unc.edu,1/30/1991,82 Surrey Way,5.01013E+15,mastercard
1640,Torey,Shutte,tshuttehr@eventbrite.com,10/4/1984,013 Carey Pass,3.72302E+14,americanexpress
1641,Terri,Grigorescu,tgrigorescuhs@purevolume.com,4/23/1959,70767 Rusk Center,5.00766E+15,mastercard
1642,Nero,Hanning,nhanninght@linkedin.com,5/22/1986,69862 Division Court,5.01013E+15,mastercard
1643,Timmie,Joscelin,tjoscelinhu@ucla.edu,1/24/1961,1 Karstens Lane,5.00767E+15,mastercard
1644,Giulio,Sagrott,gsagrotthv@msn.com,7/21/1963,122 Barnett Hill,5.00235E+15,mastercard
1645,Phil,Novello,pnovellohw@infoseek.co.jp,9/30/1971,85500 Norway Maple Alley,5.00767E+15,mastercard
1646,Bill,Terrill,bterrillhx@usda.gov,9/16/1959,75 Nobel Terrace,5.00236E+15,mastercard
1647,Fayre,Lewknor,flewknorhy@miitbeian.gov.cn,4/29/1967,93889 Laurel Alley,5.00236E+15,mastercard
1648,Caren,Kirgan,ckirganhz@cdc.gov,2/22/1961,8 Manufacturers Hill,3.72302E+14,americanexpress
1649,Gloriane,Caville,gcavillei0@ning.com,10/16/1997,24827 Manitowish Circle,3.72301E+14,americanexpress
1650,Rourke,Greswell,rgreswelli1@washington.edu,12/21/1950,62931 Comanche Circle,3.72302E+14,americanexpress
1651,Hatty,Happer,hhapperi2@usatoday.com,5/2/1964,86 Walton Circle,3.72301E+14,americanexpress
1652,Vera,Auchterlonie,vauchterloniei3@abc.net.au,12/4/1986,71180 Macpherson Point,3.72302E+14,americanexpress
1653,Madelene,Girardoni,mgirardonii4@newyorker.com,1/26/1991,672 Anthes Circle,5.00236E+15,mastercard
1654,Sayres,Strase,sstrasei5@bloglovin.com,6/13/1989,1044 Dawn Trail,5.01013E+15,mastercard
1655,Rakel,Muirhead,rmuirheadi6@rakuten.co.jp,9/9/1972,58 Swallow Terrace,5.00236E+15,mastercard
1656,Kayle,Graben,kgrabeni7@ca.gov,3/26/2001,674 Norway Maple Drive,5.00767E+15,mastercard
1657,Isidore,Maypowder,imaypowderi8@oakley.com,2/14/1991,63 Marquette Trail,3.72302E+14,americanexpress
1658,Horatia,Skerratt,hskerratti9@purevolume.com,4/2/1983,73 Russell Alley,5.00235E+15,mastercard
1659,Kanya,Davis,kdavisia@ucsd.edu,5/6/1992,7397 Dennis Avenue,5.01013E+15,mastercard
1660,Bennie,Dovydenas,bdovydenasib@bravesites.com,3/25/1992,20 Acker Crossing,5.01012E+15,mastercard
1661,Leann,Pincott,lpincottic@nih.gov,11/16/2003,39 Thackeray Terrace,5.00236E+15,mastercard
1662,Sydel,Caunt,scauntid@networkadvertising.org,9/5/1973,8466 Declaration Drive,5.00766E+15,mastercard
1663,Mikael,Ottery,motteryie@histats.com,9/22/1975,3492 Bunker Hill Avenue,5.01013E+15,mastercard
1664,Joye,Czaja,jczajaif@people.com.cn,1/16/1980,2 Rieder Plaza,5.00235E+15,mastercard
1665,Fremont,Colbrun,fcolbrunig@guardian.co.uk,5/5/1966,111 Carberry Parkway,5.00767E+15,mastercard
1666,Monro,Mityushkin,mmityushkinih@irs.gov,8/13/1958,5904 Sunnyside Center,3.72302E+14,americanexpress
1667,Susanetta,Domoney,sdomoneyii@youku.com,12/30/1991,430 Susan Point,3.72302E+14,americanexpress
1668,Raddie,Sperwell,rsperwellij@prlog.org,7/1/1963,80 Schmedeman Pass,5.00236E+15,mastercard
1669,Yolane,Goghin,ygoghinik@purevolume.com,2/27/1955,998 Independence Place,5.01012E+15,mastercard
1670,Fiann,Winterflood,fwinterfloodil@infoseek.co.jp,4/17/1980,8973 Fisk Road,5.00767E+15,mastercard
1671,Gamaliel,Kearney,gkearneyim@taobao.com,12/7/1998,93 Shelley Crossing,5.00235E+15,mastercard
1672,Randee,Orvis,rorvisin@adobe.com,3/19/1962,4724 Sundown Court,5.00236E+15,mastercard
1673,Eloise,Hamlett,ehamlettio@washington.edu,7/17/1960,92 Artisan Drive,5.01013E+15,mastercard
1674,Aryn,Probbings,aprobbingsip@apache.org,6/6/1970,35 Valley Edge Crossing,3.72302E+14,americanexpress
1675,Jessica,Snoddon,jsnoddoniq@github.io,6/19/1978,0 Mcbride Circle,3.72301E+14,americanexpress
1676,Quentin,Finlator,qfinlatorir@printfriendly.com,12/11/1961,19959 Service Circle,5.00235E+15,mastercard
1677,Noble,Cuardall,ncuardallis@symantec.com,7/13/1980,91087 Del Mar Center,5.00235E+15,mastercard
1678,Catie,Tregidgo,ctregidgoit@free.fr,10/15/1985,42 Fieldstone Circle,5.01013E+15,mastercard
1679,Vittorio,Carvilla,vcarvillaiu@dmoz.org,2/6/1998,75808 Stuart Park,5.00767E+15,mastercard
1680,Inge,Athelstan,iathelstaniv@google.it,11/12/1952,6 Mayer Parkway,5.01013E+15,mastercard
1681,Sabine,Lowings,slowingsiw@toplist.cz,12/26/1953,5 Fieldstone Place,5.01013E+15,mastercard
1682,Ivy,Stiddard,istiddardix@vk.com,12/23/1969,640 Michigan Point,5.01012E+15,mastercard
1683,Kelsey,Whitrod,kwhitrodiy@timesonline.co.uk,9/14/1997,742 Cherokee Crossing,5.00235E+15,mastercard
1684,Inge,Maton,imatoniz@de.vu,3/7/1963,20634 Northland Pass,5.01013E+15,mastercard
1685,Pattie,Kubin,pkubinj0@msu.edu,2/17/1955,76825 Fairview Circle,3.72302E+14,americanexpress
1686,Madelina,Rathmell,mrathmellj1@hostgator.com,4/12/1999,1966 Anhalt Alley,5.01013E+15,mastercard
1687,Lanae,Keasey,lkeaseyj2@nationalgeographic.com,8/10/1966,445 Graceland Junction,5.00767E+15,mastercard
1688,Joy,Hove,jhovej3@slashdot.org,5/12/1951,94 Vidon Park,5.01013E+15,mastercard
1689,Vincent,De Simone,vdesimonej4@marriott.com,7/23/1959,49416 Eagan Alley,5.01013E+15,mastercard
1690,Cass,Croote,ccrootej5@bing.com,2/9/1999,04 Stone Corner Park,3.72302E+14,americanexpress
1691,Lowrance,Dufaire,ldufairej6@sbwire.com,10/23/1978,0221 Arizona Circle,5.01013E+15,mastercard
1692,Siana,Kinnon,skinnonj7@dailymail.co.uk,12/31/2001,37646 Mitchell Drive,5.01013E+15,mastercard
1693,Cristobal,Hairesnape,chairesnapej8@simplemachines.org,7/11/1954,91624 Straubel Circle,5.00766E+15,mastercard
1694,Sean,Boichat,sboichatj9@narod.ru,1/15/1970,28780 Monica Junction,3.72302E+14,americanexpress
1695,Claudette,Scholling,cschollingja@hatena.ne.jp,10/8/1959,23 Village Green Terrace,5.00235E+15,mastercard
1696,Abie,Slowgrave,aslowgravejb@adobe.com,5/17/1972,22839 Lakeland Point,5.01012E+15,mastercard
1697,Ward,Cuthbert,wcuthbertjc@spiegel.de,3/7/1988,8 Eliot Trail,5.00767E+15,mastercard
1698,Chan,Fashion,cfashionjd@wufoo.com,11/8/1971,5 Havey Avenue,3.72301E+14,americanexpress
1699,Arnaldo,Jirusek,ajirusekje@illinois.edu,11/20/1969,005 Coleman Court,5.00766E+15,mastercard
1700,Fred,Finlow,ffinlowjf@tripadvisor.com,2/20/1960,533 Quincy Parkway,5.01013E+15,mastercard
1701,Christie,Grimsey,cgrimseyjg@skyrock.com,4/17/1959,075 Lakewood Gardens Crossing,5.00766E+15,mastercard
1702,Edin,Scattergood,escattergoodjh@mashable.com,10/31/1969,0 Summerview Parkway,5.00767E+15,mastercard
1703,Kevina,Kissack,kkissackji@exblog.jp,3/18/1974,3 Barby Way,5.00235E+15,mastercard
1704,Lexis,Hunn,lhunnjj@joomla.org,12/28/1997,13 Division Center,5.00235E+15,mastercard
1705,Ephraim,Gerault,egeraultjk@parallels.com,9/3/1998,122 Meadow Valley Alley,3.72301E+14,americanexpress
1706,Trina,Cubberley,tcubberleyjl@joomla.org,7/29/1982,17 Scoville Circle,5.01012E+15,mastercard
1707,Hervey,Abbado,habbadojm@cyberchimps.com,11/19/1980,8 American Point,5.01012E+15,mastercard
1708,Anthony,Bafford,abaffordjn@wiley.com,1/20/2000,936 Tennessee Crossing,3.72302E+14,americanexpress
1709,Innis,Proud,iproudjo@vinaora.com,8/24/1961,90514 Fulton Road,5.01012E+15,mastercard
1710,Tabbitha,Peattie,tpeattiejp@buzzfeed.com,6/25/1965,4934 Jay Avenue,3.72301E+14,americanexpress
1711,Giacobo,Fogt,gfogtjq@cafepress.com,1/31/1998,6 Hoepker Lane,5.00235E+15,mastercard
1712,Cacilia,McAlinden,cmcalindenjr@icio.us,2/8/1964,0031 Westend Street,5.01012E+15,mastercard
1713,Roberto,Hoult,rhoultjs@vkontakte.ru,3/15/1993,124 Corry Road,5.01012E+15,mastercard
1714,Herman,Chidzoy,hchidzoyjt@bandcamp.com,2/10/1987,4 American Ash Point,5.00235E+15,mastercard
1715,Burch,Tirone,btironeju@hexun.com,3/31/1985,8456 Mallory Center,3.72301E+14,americanexpress
1716,Cilka,Beaton,cbeatonjv@purevolume.com,2/20/1974,594 Pankratz Drive,3.72301E+14,americanexpress
1717,Adiana,Angrave,aangravejw@apache.org,7/24/1956,2 Coleman Road,5.00766E+15,mastercard
1718,Sherilyn,Bamling,sbamlingjx@illinois.edu,2/16/1997,75769 Crescent Oaks Lane,5.01013E+15,mastercard
1719,Tedi,Cancelier,tcancelierjy@redcross.org,5/16/1969,57 Lillian Lane,5.00766E+15,mastercard
1720,Nada,Yaakov,nyaakovjz@mashable.com,7/22/1952,25688 Bartillon Crossing,3.72302E+14,americanexpress
1721,Addie,Vogel,avogelk0@skype.com,10/17/1972,42 Havey Center,5.00235E+15,mastercard
1722,Monte,Ivanenkov,mivanenkovk1@vk.com,4/6/1989,47738 Westridge Point,3.72302E+14,americanexpress
1723,Tawnya,Redbourn,tredbournk2@reuters.com,12/4/1977,278 Hallows Way,3.72302E+14,americanexpress
1724,Ruperta,Warrilow,rwarrilowk3@opensource.org,9/16/1970,78 Mitchell Trail,3.72301E+14,americanexpress
1725,Jay,Brecher,jbrecherk4@dailymail.co.uk,4/8/1953,30090 Welch Plaza,5.00236E+15,mastercard
1726,Deerdre,McLanachan,dmclanachank5@house.gov,9/27/1985,66 Carpenter Avenue,5.01013E+15,mastercard
1727,Andris,Wanka,awankak6@jimdo.com,2/14/2002,52 Porter Lane,3.72301E+14,americanexpress
1728,Eleni,O' Concannon,eoconcannonk7@jiathis.com,4/14/2001,6403 Warrior Avenue,5.00766E+15,mastercard
1729,Dayna,Brokenshire,dbrokenshirek8@netvibes.com,11/10/1997,23785 Anthes Circle,5.00767E+15,mastercard
1730,Elnar,Satchel,esatchelk9@google.es,1/30/1967,25960 Rieder Drive,3.72302E+14,americanexpress
1731,Melosa,Blakeney,mblakeneyka@nba.com,10/11/1970,46 Sundown Drive,5.00235E+15,mastercard
1732,Dionisio,Birdwhistell,dbirdwhistellkb@histats.com,4/14/1987,7 Dawn Drive,5.01012E+15,mastercard
1733,Arnuad,Carde,acardekc@umn.edu,11/16/1969,155 Troy Way,3.72301E+14,americanexpress
1734,Harley,Carlton,hcarltonkd@theatlantic.com,12/18/1973,898 Mayer Way,5.00236E+15,mastercard
1735,Brittany,De Gregoli,bdegregolike@intel.com,8/28/1959,7 Arkansas Lane,5.01012E+15,mastercard
1736,Kimberlyn,Kemetz,kkemetzkf@tamu.edu,2/27/1985,758 Myrtle Street,3.72302E+14,americanexpress
1737,Brianne,Steeden,bsteedenkg@webs.com,12/22/1982,8 Mcbride Lane,5.00236E+15,mastercard
1738,Nicholle,Oliva,nolivakh@topsy.com,3/13/1959,7 Hanover Circle,3.72302E+14,americanexpress
1739,Zarla,Dashkov,zdashkovki@bandcamp.com,3/6/1963,05 Lakewood Gardens Drive,5.00767E+15,mastercard
1740,Debora,Draco,ddracokj@sohu.com,12/27/1962,032 Waxwing Drive,5.00766E+15,mastercard
1741,Francyne,De Ruggiero,fderuggierokk@jiathis.com,5/13/1966,57266 Rusk Circle,5.00235E+15,mastercard
1742,Nelly,Herrema,nherremakl@google.com.br,2/20/1963,28 Center Plaza,5.00236E+15,mastercard
1743,Brok,Kibby,bkibbykm@smugmug.com,7/8/1992,14319 Hauk Pass,5.00767E+15,mastercard
1744,Claudia,Rolls,crollskn@sbwire.com,9/20/1987,2 Anzinger Alley,5.00236E+15,mastercard
1745,Esdras,Werlock,ewerlockko@theatlantic.com,9/29/1989,895 Welch Road,5.01013E+15,mastercard
1746,Cortney,Uridge,curidgekp@g.co,11/23/1994,60240 Lien Place,5.00236E+15,mastercard
1747,Delcina,Serrurier,dserrurierkq@alexa.com,9/24/1982,1193 Armistice Avenue,3.72302E+14,americanexpress
1748,Zebedee,Walmsley,zwalmsleykr@goo.ne.jp,5/30/1992,9 Almo Place,5.01013E+15,mastercard
1749,Costanza,Sorsby,csorsbyks@weather.com,3/21/1951,29 Veith Junction,5.01013E+15,mastercard
1750,Myrlene,Langmaid,mlangmaidkt@usa.gov,9/30/1993,14 Badeau Terrace,5.00235E+15,mastercard
1751,Niel,Vurley,nvurleyku@dot.gov,2/9/1979,64 Starling Center,5.00236E+15,mastercard
1752,Ludwig,Donat,ldonatkv@bravesites.com,11/11/1992,2661 Paget Pass,3.72302E+14,americanexpress
1753,Leigha,Lowbridge,llowbridgekw@cbc.ca,11/15/1964,39922 Westridge Hill,5.00767E+15,mastercard
1754,Carlos,Garley,cgarleykx@berkeley.edu,7/18/1965,72352 Goodland Circle,5.00766E+15,mastercard
1755,Drusi,Spowart,dspowartky@illinois.edu,2/28/1975,40222 Londonderry Avenue,5.00767E+15,mastercard
1756,Pammie,Howsden,phowsdenkz@yahoo.co.jp,2/6/1965,91 Cascade Way,5.01012E+15,mastercard
1757,Flory,Pauncefoot,fpauncefootl0@rambler.ru,6/30/1991,49840 Vera Junction,5.00235E+15,mastercard
1758,Bernete,Vigars,bvigarsl1@exblog.jp,4/23/1995,1 Everett Alley,5.00236E+15,mastercard
1759,Rolando,Greenhouse,rgreenhousel2@weather.com,1/12/1990,5 Nancy Road,5.00766E+15,mastercard
1760,Celeste,D'Onisi,cdonisil3@digg.com,2/1/1979,9246 Lien Place,3.72301E+14,americanexpress
1761,Donnamarie,Neiland,dneilandl4@theglobeandmail.com,3/31/1969,7093 Summer Ridge Lane,3.72302E+14,americanexpress
1762,Sadie,Penketh,spenkethl5@google.nl,1/7/1968,0192 Talisman Point,5.01012E+15,mastercard
1763,Ronald,Woolam,rwoolaml6@samsung.com,6/7/1977,043 Bunting Hill,5.00767E+15,mastercard
1764,Tedman,Zupa,tzupal7@marketwatch.com,3/30/1958,2 David Road,5.00235E+15,mastercard
1765,Corenda,Spurdle,cspurdlel8@rambler.ru,2/16/1987,03216 Dovetail Hill,5.00766E+15,mastercard
1766,Brantley,Dyble,bdyblel9@usnews.com,3/2/1957,7655 Milwaukee Center,3.72302E+14,americanexpress
1767,Delinda,Kernocke,dkernockela@tinyurl.com,1/13/2002,6 Crowley Junction,5.01013E+15,mastercard
1768,Beilul,Rogerot,brogerotlb@indiatimes.com,11/25/1964,5 Northland Alley,5.00767E+15,mastercard
1769,Haywood,Hayhow,hhayhowlc@trellian.com,11/2/1990,5332 Crowley Center,5.01012E+15,mastercard
1770,Brita,Cuncarr,bcuncarrld@lycos.com,12/1/1967,22 Knutson Crossing,3.72302E+14,americanexpress
1771,Fiann,Barbie,fbarbiele@google.com.br,10/21/1951,1488 Fairfield Crossing,5.00766E+15,mastercard
1772,Catrina,Goman,cgomanlf@usatoday.com,5/1/1981,252 Lotheville Place,3.72301E+14,americanexpress
1773,Guenevere,Tangye,gtangyelg@netlog.com,10/8/1972,1 Chive Road,5.01012E+15,mastercard
1774,Cornela,Kerne,ckernelh@state.gov,10/12/2001,53258 Garrison Pass,3.72301E+14,americanexpress
1775,Alisha,Gilliard,agilliardli@mlb.com,2/25/1992,4826 Arizona Place,3.72301E+14,americanexpress
1776,Karlotta,Hulls,khullslj@mozilla.com,5/7/1990,575 Grayhawk Parkway,5.00766E+15,mastercard
1777,Claudette,Ubsdell,cubsdelllk@fastcompany.com,6/13/1991,2267 Linden Junction,5.00236E+15,mastercard
1778,Billye,Gibbie,bgibbiell@wikispaces.com,2/14/1957,79244 Weeping Birch Junction,3.72301E+14,americanexpress
1779,Shayne,Harvey,sharveylm@apple.com,2/18/1976,6708 Ronald Regan Crossing,5.00236E+15,mastercard
1780,Barnaby,Le Brun,blebrunln@weibo.com,1/25/1965,50 Judy Court,3.72302E+14,americanexpress
1781,Martita,De Lasci,mdelascilo@cnet.com,3/11/1977,06 Summit Court,5.00766E+15,mastercard
1782,Maxwell,Keaveny,mkeavenylp@usgs.gov,5/26/1992,77 Fordem Place,5.00236E+15,mastercard
1783,Raynell,Sarll,rsarlllq@mlb.com,5/28/1991,5085 5th Circle,5.00235E+15,mastercard
1784,Emyle,Craighill,ecraighilllr@a8.net,4/7/1988,56700 Express Point,5.01012E+15,mastercard
1785,Freeland,Gutowski,fgutowskils@w3.org,12/23/1970,7 Mendota Center,5.00236E+15,mastercard
1786,Germana,Sangwin,gsangwinlt@cbsnews.com,1/29/1953,9286 Sutherland Park,5.00767E+15,mastercard
1787,Zacherie,Gownge,zgowngelu@webs.com,7/15/2000,0 Kingsford Junction,5.00766E+15,mastercard
1788,Malachi,Loomes,mloomeslv@cbc.ca,7/25/1963,3962 Emmet Pass,5.00766E+15,mastercard
1789,Gerick,Shefton,gsheftonlw@sitemeter.com,2/7/1993,81948 Doe Crossing Pass,5.00236E+15,mastercard
1790,Wylie,Klisch,wklischlx@msn.com,5/22/1977,42 Dayton Crossing,5.00767E+15,mastercard
1791,Lefty,Stanes,lstanesly@infoseek.co.jp,7/11/1983,5 Mifflin Pass,5.00235E+15,mastercard
1792,Barry,Lessmare,blessmarelz@indiegogo.com,12/17/1963,975 Badeau Drive,5.00235E+15,mastercard
1793,Derrick,Royle,droylem0@china.com.cn,6/17/1982,98903 Algoma Street,5.00236E+15,mastercard
1794,Esme,Dallman,edallmanm1@google.com.br,8/24/1952,8329 Doe Crossing Street,5.00767E+15,mastercard
1795,Pamella,Ciciari,pciciarim2@constantcontact.com,6/8/1954,104 Meadow Vale Terrace,5.00766E+15,mastercard
1796,Mozes,Kimm,mkimmm3@comcast.net,7/24/1997,29 Algoma Terrace,5.00236E+15,mastercard
1797,Link,Jimmison,ljimmisonm4@tamu.edu,9/17/1961,6063 Gale Alley,5.00767E+15,mastercard
1798,Tiffany,Marriner,tmarrinerm5@i2i.jp,6/12/1973,575 Briar Crest Street,5.01012E+15,mastercard
1799,Darbie,Gever,dgeverm6@timesonline.co.uk,9/1/1984,62 Kings Drive,5.01012E+15,mastercard
1800,Baudoin,Litherborough,blitherboroughm7@craigslist.org,5/10/1994,65657 Ramsey Trail,5.00236E+15,mastercard
1801,Emmalyn,Guinane,eguinanem8@wix.com,4/22/1957,54 Basil Alley,5.01012E+15,mastercard
1802,Phaedra,Braybrook,pbraybrookm9@spotify.com,8/14/1986,60 Hanover Court,3.72301E+14,americanexpress
1803,Christian,Meindl,cmeindlma@bizjournals.com,11/13/1954,2939 Hanson Center,5.00766E+15,mastercard
1804,Cordelie,Newstead,cnewsteadmb@cloudflare.com,11/3/1988,422 Colorado Crossing,3.72301E+14,americanexpress
1805,Betsey,Valenta,bvalentamc@acquirethisname.com,4/3/2002,56207 Hintze Junction,5.00766E+15,mastercard
1806,Cale,Crigin,ccriginmd@ihg.com,1/17/1963,888 Prairie Rose Alley,5.00235E+15,mastercard
1807,Frasco,Jost,fjostme@drupal.org,9/26/1974,7 Pond Court,5.00767E+15,mastercard
1808,Vanya,Ferrettini,vferrettinimf@gov.uk,6/23/1964,019 Orin Junction,5.00766E+15,mastercard
1809,Odella,Fidock,ofidockmg@narod.ru,2/6/1970,0164 Lighthouse Bay Parkway,5.01013E+15,mastercard
1810,Marlo,Celli,mcellimh@feedburner.com,4/18/1985,19 Fulton Hill,5.00236E+15,mastercard
1811,Federica,Chatfield,fchatfieldmi@bravesites.com,2/5/1998,3524 Warner Lane,5.00767E+15,mastercard
1812,Cassandra,Seabrook,cseabrookmj@usatoday.com,9/6/1993,48 Huxley Point,5.00767E+15,mastercard
1813,Kaitlyn,Butten,kbuttenmk@addthis.com,7/11/1981,9699 Northfield Crossing,5.01012E+15,mastercard
1814,Atlante,Giffaut,agiffautml@devhub.com,5/2/1964,819 Boyd Hill,5.00236E+15,mastercard
1815,Virgina,Arne,varnemm@naver.com,1/27/1988,806 Esch Center,5.01012E+15,mastercard
1816,Tiffie,Leaves,tleavesmn@purevolume.com,3/8/1982,84191 6th Pass,3.72301E+14,americanexpress
1817,Marcile,Starford,mstarfordmo@microsoft.com,10/5/1962,28 Artisan Alley,5.00236E+15,mastercard
1818,Fedora,Peerman,fpeermanmp@gnu.org,12/29/1980,4495 Magdeline Hill,5.00236E+15,mastercard
1819,Kelly,Norvel,knorvelmq@earthlink.net,9/13/1954,1374 Graedel Alley,5.01013E+15,mastercard
1820,Chloette,Keast,ckeastmr@sogou.com,5/4/1974,2465 Sage Circle,5.01013E+15,mastercard
1821,Ashley,Renn,arennms@weather.com,4/11/1989,7847 Hansons Circle,5.01013E+15,mastercard
1822,Emmaline,Melarkey,emelarkeymt@acquirethisname.com,11/22/1987,5 Esker Park,5.00766E+15,mastercard
1823,Harland,Waitland,hwaitlandmu@statcounter.com,2/19/1962,042 Sutherland Way,5.01012E+15,mastercard
1824,Rollie,Dreng,rdrengmv@telegraph.co.uk,7/5/1976,9191 Birchwood Trail,5.00236E+15,mastercard
1825,Bernadene,Slane,bslanemw@dion.ne.jp,3/19/1988,6431 Forest Run Lane,5.00767E+15,mastercard
1826,Godfree,Crosfeld,gcrosfeldmx@nymag.com,7/24/1961,75294 Steensland Avenue,5.01013E+15,mastercard
1827,Ranna,Alexandersen,ralexandersenmy@globo.com,3/24/1989,0629 Memorial Trail,5.00767E+15,mastercard
1828,Darnell,Kettlesing,dkettlesingmz@bbc.co.uk,7/15/1999,093 Waywood Drive,3.72302E+14,americanexpress
1829,Vernon,Kenningham,vkenninghamn0@wufoo.com,9/24/1998,08112 Katie Place,5.00766E+15,mastercard
1830,Dallas,Upchurch,dupchurchn1@virginia.edu,10/12/1967,9756 Reindahl Hill,5.01013E+15,mastercard
1831,Barnard,Strettle,bstrettlen2@geocities.com,11/4/1994,13124 Schlimgen Trail,5.01013E+15,mastercard
1832,Glynda,Gathwaite,ggathwaiten3@wired.com,8/13/1954,615 Becker Court,5.00236E+15,mastercard
1833,Veda,Odda,voddan4@samsung.com,7/14/1969,8 Bluejay Point,5.00235E+15,mastercard
1834,Becki,Jerwood,bjerwoodn5@mozilla.com,5/17/1975,1 Becker Point,5.01013E+15,mastercard
1835,Blair,Grubbe,bgrubben6@tripadvisor.com,7/30/1988,679 Fremont Center,5.00767E+15,mastercard
1836,Tracey,Prugel,tprugeln7@cafepress.com,1/11/1958,48 Briar Crest Street,5.01013E+15,mastercard
1837,Judon,Christy,jchristyn8@cafepress.com,5/11/1984,0368 Monterey Park,5.00767E+15,mastercard
1838,Jodee,Lovstrom,jlovstromn9@narod.ru,8/15/1955,4595 Menomonie Junction,5.00236E+15,mastercard
1839,Almire,Nickerson,anickersonna@gmpg.org,7/21/1962,312 Marquette Alley,5.00766E+15,mastercard
1840,Cassi,Scutter,cscutternb@google.com,11/21/1970,071 Bonner Crossing,5.00236E+15,mastercard
1841,Wald,Darragh,wdarraghnc@parallels.com,2/29/1980,43 Waxwing Road,5.01012E+15,mastercard
1842,Chiquita,Birckmann,cbirckmannnd@ed.gov,2/28/1957,52 Arapahoe Road,5.01013E+15,mastercard
1843,Shandie,Horry,shorryne@blogger.com,12/4/1988,52 Lunder Road,5.00235E+15,mastercard
1844,Berne,Dunnan,bdunnannf@cocolog-nifty.com,1/12/1984,93353 Corben Parkway,5.01013E+15,mastercard
1845,Aila,Wintle,awintleng@stanford.edu,8/7/1972,954 Sutteridge Road,3.72302E+14,americanexpress
1846,Gerianne,Rodder,groddernh@nps.gov,5/13/1992,794 Hagan Junction,3.72302E+14,americanexpress
1847,Cecily,Blouet,cblouetni@bloomberg.com,3/10/2003,3720 Holmberg Street,3.72301E+14,americanexpress
1848,Bondon,Greenrodd,bgreenroddnj@a8.net,11/26/1963,102 Pond Place,5.00766E+15,mastercard
1849,Jewelle,Snuggs,jsnuggsnk@nyu.edu,3/7/1962,8 Corscot Lane,5.00236E+15,mastercard
1850,Melicent,Suddards,msuddardsnl@dedecms.com,1/23/1963,4 Vera Road,5.01013E+15,mastercard
1851,Quinn,Timmis,qtimmisnm@sohu.com,6/23/1954,278 Dawn Hill,5.01012E+15,mastercard
1852,Oswald,Kirgan,okirgannn@yandex.ru,2/27/1951,37 Thackeray Plaza,3.72302E+14,americanexpress
1853,Arch,Peiser,apeiserno@google.co.uk,6/24/1977,01242 Talisman Trail,3.72302E+14,americanexpress
1854,Georgetta,Pizey,gpizeynp@spotify.com,9/21/2002,937 Welch Lane,5.01013E+15,mastercard
1855,Coleman,Hanmer,chanmernq@xing.com,12/13/1974,75 Nevada Alley,3.72301E+14,americanexpress
1856,Esme,Franca,efrancanr@auda.org.au,2/28/1966,6046 Pearson Drive,5.00766E+15,mastercard
1857,Susy,Maple,smaplens@edublogs.org,6/13/1951,05 Schiller Parkway,5.00235E+15,mastercard
1858,Dael,Burgill,dburgillnt@va.gov,4/20/1977,5 Jenna Avenue,5.00767E+15,mastercard
1859,Isadora,Plews,iplewsnu@a8.net,9/3/2002,8 Hollow Ridge Center,3.72302E+14,americanexpress
1860,Sofie,Popple,spopplenv@nih.gov,10/1/1970,1139 Merrick Alley,5.01012E+15,mastercard
1861,Blithe,Labell,blabellnw@plala.or.jp,9/18/2000,6642 Armistice Hill,5.00766E+15,mastercard
1862,Brand,Archibald,barchibaldnx@google.com.au,9/15/1958,420 Spaight Junction,3.72301E+14,americanexpress
1863,Guillemette,Batey,gbateyny@spotify.com,11/25/1950,94812 Iowa Road,5.01012E+15,mastercard
1864,Mendy,Mattusov,mmattusovnz@sfgate.com,6/12/1983,749 Dapin Court,3.72301E+14,americanexpress
1865,Cecilla,Marvin,cmarvino0@cbsnews.com,7/27/1960,111 Manufacturers Hill,5.00236E+15,mastercard
1866,Luigi,Jeeves,ljeeveso1@liveinternet.ru,1/12/1973,9171 Sloan Lane,5.00235E+15,mastercard
1867,Chrysa,Thing,cthingo2@bloglovin.com,4/20/1989,8 Gerald Place,5.00767E+15,mastercard
1868,Aprilette,Gomm,agommo3@sun.com,7/6/1979,687 Grasskamp Circle,5.00767E+15,mastercard
1869,Skye,Dibdall,sdibdallo4@etsy.com,7/11/1979,0286 Mcbride Circle,5.00235E+15,mastercard
1870,Clerissa,Manson,cmansono5@nba.com,5/29/2002,782 Hooker Road,5.01012E+15,mastercard
1871,Harvey,Grono,hgronoo6@techcrunch.com,3/21/1986,949 Darwin Road,5.01013E+15,mastercard
1872,Georgette,Velde,gveldeo7@ibm.com,6/14/1966,667 Vidon Avenue,3.72301E+14,americanexpress
1873,Nanon,Scambler,nscamblero8@sohu.com,3/28/1987,70 Division Hill,3.72302E+14,americanexpress
1874,Eadmund,Athridge,eathridgeo9@bloglines.com,2/14/1986,4046 Prairieview Pass,5.01013E+15,mastercard
1875,Janine,Wisden,jwisdenoa@reference.com,7/21/1953,19492 Sloan Center,5.00767E+15,mastercard
1876,Sansone,Goneau,sgoneauob@umich.edu,11/21/1970,2 Blue Bill Park Drive,5.01012E+15,mastercard
1877,Elmo,Gammet,egammetoc@behance.net,11/19/1980,6649 Riverside Circle,5.00766E+15,mastercard
1878,Lothario,Garie,lgarieod@ning.com,3/8/1998,01 Tomscot Center,5.00236E+15,mastercard
1879,Freedman,Henrique,fhenriqueoe@vk.com,1/8/1968,43 Basil Way,5.00766E+15,mastercard
1880,Blair,Matteoni,bmatteoniof@histats.com,1/3/1988,805 Luster Plaza,5.00236E+15,mastercard
1881,Clemens,Glasheen,cglasheenog@forbes.com,2/24/1958,32 Cascade Hill,5.00766E+15,mastercard
1882,Sharline,Hamson,shamsonoh@dmoz.org,5/9/1960,885 Steensland Alley,5.00767E+15,mastercard
1883,Fee,Rainbird,frainbirdoi@walmart.com,2/7/1950,2 Charing Cross Point,5.01013E+15,mastercard
1884,Georg,Amber,gamberoj@jugem.jp,6/13/1999,4065 Aberg Junction,5.01013E+15,mastercard
1885,Lottie,Colleford,lcollefordok@nationalgeographic.com,9/18/1989,19 Haas Trail,5.00236E+15,mastercard
1886,Florida,Brear,fbrearol@blogtalkradio.com,7/17/1978,980 Spaight Trail,3.72301E+14,americanexpress
1887,Brandise,O' Meara,bomearaom@wikipedia.org,9/4/2003,54765 Bunting Parkway,3.72301E+14,americanexpress
1888,Blane,Kender,bkenderon@naver.com,4/19/1951,9295 Lukken Road,5.00767E+15,mastercard
1889,Jessie,Jurewicz,jjurewiczoo@spiegel.de,9/3/1988,70 Oneill Junction,5.01013E+15,mastercard
1890,Georgia,Honacker,ghonackerop@creativecommons.org,4/8/1975,1800 Kropf Center,5.01012E+15,mastercard
1891,Marji,McQuillin,mmcquillinoq@dyndns.org,3/4/1996,3 Nancy Park,5.00767E+15,mastercard
1892,Nolly,Budd,nbuddor@weebly.com,2/11/1983,64217 Onsgard Junction,5.00767E+15,mastercard
1893,Nelie,Norwood,nnorwoodos@ed.gov,11/6/1969,77 Mariners Cove Terrace,5.00767E+15,mastercard
1894,Gregoire,Lindman,glindmanot@utexas.edu,1/22/1999,053 Utah Junction,5.01012E+15,mastercard
1895,Johnette,Scholes,jscholesou@smugmug.com,3/7/1988,6154 School Junction,5.01012E+15,mastercard
1896,Celina,Tibols,ctibolsov@simplemachines.org,7/3/1969,941 Surrey Lane,5.00236E+15,mastercard
1897,Kristan,Howie,khowieow@archive.org,1/6/1960,5 Dennis Terrace,5.01012E+15,mastercard
1898,Samuele,Casacchia,scasacchiaox@si.edu,7/24/1957,050 Dovetail Crossing,5.00766E+15,mastercard
1899,Lura,Foulks,lfoulksoy@wsj.com,7/2/1980,4 Bartelt Court,5.00236E+15,mastercard
1900,Colly,McNee,cmcneeoz@nature.com,7/4/1968,8670 Leroy Hill,3.72301E+14,americanexpress
1901,Torry,Michiel,tmichielp0@simplemachines.org,6/21/1955,28690 Anhalt Pass,5.00766E+15,mastercard
1902,Randie,Ambler,ramblerp1@shareasale.com,2/19/1994,0 Chive Parkway,3.72302E+14,americanexpress
1903,Kenon,Davsley,kdavsleyp2@techcrunch.com,2/23/1980,6694 Miller Crossing,3.72301E+14,americanexpress
1904,Cayla,Paddock,cpaddockp3@a8.net,1/1/1953,32751 Oakridge Hill,3.72302E+14,americanexpress
1905,Giffard,Grigaut,ggrigautp4@hc360.com,12/5/1971,7441 Susan Crossing,5.00766E+15,mastercard
1906,Wilma,Treneman,wtrenemanp5@timesonline.co.uk,7/16/1991,64 Wayridge Street,5.00236E+15,mastercard
1907,Carry,Bareford,cbarefordp6@who.int,7/25/1980,1 Goodland Center,5.00766E+15,mastercard
1908,Talbot,Geoghegan,tgeogheganp7@fc2.com,1/17/1991,14 Monica Way,5.00236E+15,mastercard
1909,Carlota,Loncaster,cloncasterp8@dailymail.co.uk,8/28/1990,9 Schiller Street,3.72302E+14,americanexpress
1910,Maxi,Playford,mplayfordp9@seattletimes.com,6/4/1983,37 Hoffman Street,5.00236E+15,mastercard
1911,Ronny,Wren,rwrenpa@webmd.com,4/26/1969,833 Valley Edge Court,3.72301E+14,americanexpress
1912,Fleur,Barry,fbarrypb@irs.gov,9/27/1976,676 Debra Circle,5.00766E+15,mastercard
1913,Mohammed,MacNeilley,mmacneilleypc@aboutads.info,12/19/1962,702 Gerald Terrace,5.00767E+15,mastercard
1914,Aldon,Spalding,aspaldingpd@bizjournals.com,8/24/1982,725 Anzinger Circle,3.72302E+14,americanexpress
1915,Giovanna,Ianson,giansonpe@jigsy.com,1/21/1990,881 Swallow Terrace,5.01012E+15,mastercard
1916,Davida,Romagnosi,dromagnosipf@sohu.com,5/2/1993,7 Pleasure Lane,5.00766E+15,mastercard
1917,Krystal,Darcey,kdarceypg@globo.com,7/5/1998,9498 Green Alley,5.01013E+15,mastercard
1918,Cathee,Alldread,calldreadph@webs.com,8/29/1970,97 Loftsgordon Pass,3.72302E+14,americanexpress
1919,Boothe,Btham,bbthampi@apple.com,5/13/1964,315 Haas Junction,3.72301E+14,americanexpress
1920,Elwira,Panton,epantonpj@howstuffworks.com,10/19/1968,177 Dottie Point,5.00766E+15,mastercard
1921,Freida,Terbruggen,fterbruggenpk@gnu.org,4/28/1966,5872 Armistice Hill,3.72301E+14,americanexpress
1922,Giovanna,Radki,gradkipl@un.org,3/14/1965,27966 East Center,5.01012E+15,mastercard
1923,Arv,Bramelt,abrameltpm@imageshack.us,1/23/1978,637 Ridgeview Avenue,5.01013E+15,mastercard
1924,Bellanca,Draisey,bdraiseypn@rambler.ru,4/24/1973,9562 Fieldstone Hill,3.72301E+14,americanexpress
1925,Ainsley,Dredge,adredgepo@microsoft.com,12/23/1991,6 Glacier Hill Parkway,5.01012E+15,mastercard
1926,Win,Sabatini,wsabatinipp@youtube.com,6/8/1966,3923 Packers Court,3.72302E+14,americanexpress
1927,Chaddie,Carryer,ccarryerpq@moonfruit.com,2/19/2000,1 Farwell Avenue,5.00766E+15,mastercard
1928,Adiana,Castille,acastillepr@t-online.de,9/14/1986,3516 Eagle Crest Trail,5.01013E+15,mastercard
1929,Halsy,Deares,hdearesps@dailymail.co.uk,5/13/1959,948 Bluejay Avenue,3.72302E+14,americanexpress
1930,Lianne,Whaymand,lwhaymandpt@ovh.net,11/29/1961,4139 Haas Hill,5.00767E+15,mastercard
1931,Chiquia,Farley,cfarleypu@eventbrite.com,4/17/1970,721 Huxley Center,5.01012E+15,mastercard
1932,Othello,Degoix,odegoixpv@aol.com,3/5/1979,60529 High Crossing Hill,3.72302E+14,americanexpress
1933,Lianne,Schwerin,lschwerinpw@gmpg.org,4/24/1992,74390 Dwight Hill,5.00236E+15,mastercard
1934,Milt,Woodgate,mwoodgatepx@ucsd.edu,10/14/1991,1346 Sheridan Center,5.00767E+15,mastercard
1935,Enrichetta,Duffie,eduffiepy@cbc.ca,3/17/1982,0 Maple Wood Avenue,5.00766E+15,mastercard
1936,Darleen,Lawdham,dlawdhampz@zdnet.com,4/10/1980,4 Redwing Hill,5.00236E+15,mastercard
1937,Evania,Lever,eleverq0@cnn.com,11/1/1969,6955 Mesta Point,5.00766E+15,mastercard
1938,Alberto,Aked,aakedq1@biblegateway.com,9/30/1963,3 Butternut Plaza,3.72301E+14,americanexpress
1939,Alikee,Costain,acostainq2@mac.com,1/24/1989,827 Lunder Circle,3.72301E+14,americanexpress
1940,Zsa zsa,Bust,zbustq3@house.gov,10/18/1956,0717 Sachs Plaza,5.00766E+15,mastercard
1941,Ava,Donwell,adonwellq4@cafepress.com,1/18/1958,87 Boyd Crossing,5.00767E+15,mastercard
1942,Harcourt,Blezard,hblezardq5@webmd.com,9/15/1962,0596 Portage Drive,5.00235E+15,mastercard
1943,Lisetta,Rao,lraoq6@businessinsider.com,9/14/1977,6 Dwight Court,3.72301E+14,americanexpress
1944,Alix,Iddins,aiddinsq7@soundcloud.com,10/5/1975,652 Declaration Drive,5.00766E+15,mastercard
1945,Ian,Stelle,istelleq8@geocities.com,2/9/1996,1168 Prentice Hill,5.00767E+15,mastercard
1946,Casandra,Bollini,cbolliniq9@arizona.edu,7/12/1989,12122 Continental Pass,5.00766E+15,mastercard
1947,Veronica,Cristofalo,vcristofaloqa@scribd.com,7/15/1989,2 Coolidge Way,5.00767E+15,mastercard
1948,Rabbi,Power,rpowerqb@networkadvertising.org,1/10/1973,531 Graceland Plaza,5.00236E+15,mastercard
1949,Kass,Malloy,kmalloyqc@scientificamerican.com,6/9/1995,40 Thierer Point,5.00235E+15,mastercard
1950,Lutero,Gonning,lgonningqd@sbwire.com,11/24/1975,97 Raven Alley,5.01013E+15,mastercard
1951,Sancho,Dunbobin,sdunbobinqe@about.me,7/12/1988,04 Eggendart Street,3.72302E+14,americanexpress
1952,Raff,Skellen,rskellenqf@oracle.com,6/23/1964,5 Grim Place,3.72302E+14,americanexpress
1953,Blisse,Revening,breveningqg@icio.us,1/28/1996,6 Old Gate Lane,3.72302E+14,americanexpress
1954,Ashley,Gregorowicz,agregorowiczqh@odnoklassniki.ru,8/16/1991,3 Sherman Point,5.00236E+15,mastercard
1955,Eugenio,North,enorthqi@unblog.fr,8/10/1969,6 Lukken Road,3.72301E+14,americanexpress
1956,Christye,Domican,cdomicanqj@boston.com,12/26/1986,4 Brown Pass,5.00766E+15,mastercard
1957,Jenica,Jobe,jjobeqk@friendfeed.com,8/22/1966,48068 Judy Lane,3.72301E+14,americanexpress
1958,Felicia,Winger,fwingerql@issuu.com,2/11/1998,3 Coleman Way,5.00767E+15,mastercard
1959,Janek,Goretti,jgorettiqm@about.com,7/23/1997,83 Swallow Pass,5.00236E+15,mastercard
1960,Ole,Peegrem,opeegremqn@bigcartel.com,9/19/1997,7 Gale Parkway,5.01013E+15,mastercard
1961,Gerianna,Shippam,gshippamqo@yellowbook.com,1/21/1974,09 Arapahoe Point,5.00767E+15,mastercard
1962,Angelia,Kimbly,akimblyqp@nifty.com,7/2/1985,2 Straubel Junction,5.00235E+15,mastercard
1963,Matthew,Benedyktowicz,mbenedyktowiczqq@usa.gov,2/15/1998,4900 Huxley Terrace,5.00766E+15,mastercard
1964,Bar,Meriott,bmeriottqr@craigslist.org,8/8/1968,942 Karstens Alley,5.01012E+15,mastercard
1965,Ula,Hellwing,uhellwingqs@ft.com,3/19/1970,5828 Commercial Point,5.01012E+15,mastercard
1966,Brien,Banger,bbangerqt@jigsy.com,1/9/1966,1372 Quincy Street,5.00766E+15,mastercard
1967,Hewitt,Thrustle,hthrustlequ@sitemeter.com,4/14/1987,82 Cottonwood Terrace,3.72301E+14,americanexpress
1968,Wally,Nutten,wnuttenqv@reddit.com,1/29/1990,16 Springs Point,5.00235E+15,mastercard
1969,Tonie,Lory,tloryqw@netvibes.com,4/23/1957,2996 Heffernan Hill,3.72301E+14,americanexpress
1970,Franky,Plum,fplumqx@ustream.tv,4/22/1989,022 Cottonwood Road,5.01012E+15,mastercard
1971,Constantia,Mcettrick,cmcettrickqy@cpanel.net,2/8/1992,396 Pankratz Hill,5.01012E+15,mastercard
1972,Dory,Seignior,dseigniorqz@vk.com,7/8/1999,5 Petterle Point,5.01013E+15,mastercard
1973,Jacki,Tungay,jtungayr0@abc.net.au,9/15/1984,80 Burrows Alley,5.00767E+15,mastercard
1974,Juliana,Spellworth,jspellworthr1@eventbrite.com,1/27/2002,81 Coolidge Plaza,5.00766E+15,mastercard
1975,Honoria,Delafont,hdelafontr2@phpbb.com,1/25/2000,9307 Sachtjen Park,5.01012E+15,mastercard
1976,Alika,Baggarley,abaggarleyr3@nba.com,3/14/2001,75 Pond Park,5.01012E+15,mastercard
1977,Wilburt,Sobieski,wsobieskir4@fc2.com,6/19/1972,2 Northport Parkway,3.72301E+14,americanexpress
1978,Kiele,Sylett,ksylettr5@phoca.cz,3/17/1982,461 Old Shore Center,5.00766E+15,mastercard
1979,Orlando,Gandrich,ogandrichr6@npr.org,6/5/1961,63 Northridge Street,5.01013E+15,mastercard
1980,Nahum,Renshaw,nrenshawr7@vkontakte.ru,6/3/1995,167 Kingsford Place,5.00766E+15,mastercard
1981,Ondrea,Geake,ogeaker8@boston.com,10/19/1978,9 1st Alley,5.00766E+15,mastercard
1982,Ker,Durram,kdurramr9@japanpost.jp,8/22/1985,8 East Trail,5.01012E+15,mastercard
1983,Sara-ann,Sowrey,ssowreyra@weibo.com,2/27/1973,84539 Mayfield Pass,5.00235E+15,mastercard
1984,Dorris,Capner,dcapnerrb@delicious.com,11/9/1982,7 Graceland Drive,5.01012E+15,mastercard
1985,Francklyn,Milward,fmilwardrc@acquirethisname.com,6/3/1968,4 Towne Hill,5.00767E+15,mastercard
1986,Valentin,Dalglish,vdalglishrd@issuu.com,11/25/1986,9083 Dorton Court,5.00236E+15,mastercard
1987,Hiram,Frith,hfrithre@pcworld.com,12/23/1952,821 Old Gate Alley,5.00767E+15,mastercard
1988,Aguistin,Swindell,aswindellrf@github.com,2/13/1966,78 Jay Terrace,5.01012E+15,mastercard
1989,Obed,Leyzell,oleyzellrg@samsung.com,6/14/1990,54 Barnett Parkway,5.00766E+15,mastercard
1990,Loraine,Wedon,lwedonrh@google.fr,6/28/2000,50723 Aberg Court,5.01013E+15,mastercard
1991,Saw,Wankel,swankelri@theatlantic.com,4/22/1952,3975 Dunning Terrace,5.00236E+15,mastercard
1992,Terrijo,Rippingale,trippingalerj@si.edu,7/11/1999,7 Clyde Gallagher Terrace,3.72302E+14,americanexpress
1993,Sinclair,Whatson,swhatsonrk@about.me,8/6/1957,3 Mesta Plaza,5.01012E+15,mastercard
1994,Keriann,Sykora,ksykorarl@gravatar.com,3/27/1963,4134 Jenifer Circle,5.00236E+15,mastercard
1995,Morris,Frampton,mframptonrm@1und1.de,9/15/1965,4 Veith Trail,3.72302E+14,americanexpress
1996,Tove,Chicken,tchickenrn@dion.ne.jp,10/16/1951,87 Dovetail Way,5.01013E+15,mastercard
1997,Curt,Lintin,clintinro@bizjournals.com,4/16/1966,4608 Continental Junction,5.00766E+15,mastercard
1998,Wally,Martland,wmartlandrp@example.com,10/24/1976,52261 Glacier Hill Plaza,5.01012E+15,mastercard
1999,Sarita,Meysham,smeyshamrq@opensource.org,12/5/1967,58860 Hanover Avenue,5.01012E+15,mastercard
2000,Jenine,Natte,jnatterr@google.com.hk,4/11/1952,61 Kenwood Avenue,3.72301E+14,americanexpress
